# COSI2 B0 scan,,,,,,,,,,,,,,,,
# time 2024-08-22 17:33:38.691408,,,,,,,,,,,,,,,,
# MAGNET CENTER IN LAB: x 232.290 mm, y 232.950 mm, z 201.880 mm,,,,,,,,,,,,,,
# MAGNET AXES WRT LAB: alpha 0.00 deg, beta 0.00 deg, gamma 0.00 deg,,,,,,,,,,,,,,
# path: /home/cosi/cosi-measure/Software/COSI2/data/240820/240822_6mm_ball_V21_R120_2s_waiting_lcdoff,,,,,,,,,,,,,,,,
# X[mm],Y[mm],Z[mm],B0_x[mT],B0_y[mT],B0_z[mT],B0_abs[mT],,,,,,,,,,
232.29,232.95,201.88,-48.173,-1.964,0.456,48.218,,232.29,232.95,201.88,-49.371,-1.97,0.356,49.411,,1.198
112.29,232.95,201.88,-46.841,-2.08,0.259,46.886,,112.29,232.95,201.88,-48.17,-1.935,0.464,48.211,,-0.003
352.29,232.95,201.88,-46.914,-1.917,0.498,46.956,,352.29,232.95,201.88,-46.86,-2.044,0.274,46.908,,0.018999999999998
232.29,112.95,201.88,-48.603,-1.93,0.449,48.644,,232.29,112.95,201.88,-46.886,-1.905,0.503,46.927,,-0.027999999999999
232.29,352.95,201.88,-48.144,-1.952,0.478,48.187,,232.29,352.95,201.88,-48.6,-1.907,0.456,48.641,,-0.003
232.29,232.95,321.88,-49.378,-2.002,0.363,49.42,,232.29,232.95,321.88,-48.142,-1.964,0.484,48.185,,-0.001999999999995
232.29,232.95,81.88,-48.803,-2.187,0.791,48.858,,232.29,232.95,81.88,-49.372,-1.974,0.36,49.412,,-0.006
232.29,232.95,81.88,-48.801,-2.181,0.796,48.857,,,,,,,,,,
212.29,292.95,101.88,-48.421,-1.85,0.183,48.458,,,,,,,,,,
232.29,292.95,101.88,-48.384,-2.15,0.229,48.432,,,,,,,,,,
252.29,292.95,101.88,-48.26,-2.457,0.21,48.322,,,,,,,,,,
272.29,272.95,101.88,-48.067,-2.741,0.462,48.148,,,,,,,,,,
252.29,272.95,101.88,-48.271,-2.489,0.461,48.339,,,,,,,,,,
232.29,272.95,101.88,-48.406,-2.158,0.441,48.457,,,,,,,,,,
212.29,272.95,101.88,-48.451,-1.819,0.378,48.487,,,,,,,,,,
192.29,272.95,101.88,-48.401,-1.49,0.296,48.424,,,,,,,,,,
172.29,252.95,101.88,-48.113,-1.066,0.35,48.127,,,,,,,,,,
192.29,252.95,101.88,-48.334,-1.409,0.439,48.357,,,,,,,,,,
212.29,252.95,101.88,-48.439,-1.777,0.517,48.474,,,,,,,,,,
232.29,252.95,101.88,-48.409,-2.146,0.6,48.46,,,,,,,,,,
252.29,252.95,101.88,-48.265,-2.496,0.637,48.335,,,,,,,,,,
272.29,252.95,101.88,-48.006,-2.804,0.657,48.09,,,,,,,,,,
292.29,252.95,101.88,-47.637,-3.037,0.697,47.739,,,,,,,,,,
292.29,232.95,101.88,-47.832,-2.921,0.981,47.929,,,,,,,,,,
272.29,232.95,101.88,-48.092,-2.757,0.918,48.18,,,,,,,,,,
252.29,232.95,101.88,-48.33,-2.48,0.85,48.399,,,,,,,,,,
232.29,232.95,101.88,-48.462,-2.118,0.778,48.514,,,,,,,,,,
212.29,232.95,101.88,-48.464,-1.731,0.711,48.499,,,,,,,,,,
192.29,232.95,101.88,-48.333,-1.376,0.665,48.358,,,,,,,,,,
172.29,232.95,101.88,-48.146,-1.078,0.627,48.163,,,,,,,,,,
172.29,212.95,101.88,-48.143,-1.066,0.966,48.166,,,,,,,,,,
192.29,212.95,101.88,-48.378,-1.379,0.933,48.407,,,,,,,,,,
212.29,212.95,101.88,-48.518,-1.733,0.941,48.559,,,,,,,,,,
232.29,212.95,101.88,-48.522,-2.102,0.968,48.577,,,,,,,,,,
252.29,212.95,101.88,-48.403,-2.433,1.038,48.475,,,,,,,,,,
272.29,212.95,101.88,-48.18,-2.698,1.154,48.27,,,,,,,,,,
292.29,212.95,101.88,-47.88,-2.949,1.282,47.988,,,,,,,,,,
272.29,192.95,101.88,-48.447,-2.551,1.368,48.532,,,,,,,,,,
252.29,192.95,101.88,-48.589,-2.35,1.235,48.661,,,,,,,,,,
232.29,192.95,101.88,-48.682,-2.072,1.163,48.743,,,,,,,,,,
212.29,192.95,101.88,-48.701,-1.773,1.148,48.746,,,,,,,,,,
192.29,192.95,101.88,-48.618,-1.478,1.187,48.656,,,,,,,,,,
212.29,172.95,101.88,-48.921,-1.82,1.313,48.973,,,,,,,,,,
232.29,172.95,101.88,-48.891,-2.059,1.339,48.953,,,,,,,,,,
252.29,172.95,101.88,-48.796,-2.274,1.423,48.87,,,,,,,,,,
212.29,152.95,121.88,-49.013,-1.852,0.945,49.059,,,,,,,,,,
232.29,152.95,121.88,-49.007,-1.99,0.978,49.056,,,,,,,,,,
252.29,152.95,121.88,-48.977,-2.119,1.046,49.034,,,,,,,,,,
272.29,152.95,121.88,-48.945,-2.238,1.148,49.009,,,,,,,,,,
292.29,172.95,121.88,-48.456,-2.561,1.381,48.543,,,,,,,,,,
272.29,172.95,121.88,-48.625,-2.346,1.233,48.694,,,,,,,,,,
252.29,172.95,121.88,-48.72,-2.187,1.13,48.783,,,,,,,,,,
232.29,172.95,121.88,-48.782,-2.012,1.045,48.833,,,,,,,,,,
212.29,172.95,121.88,-48.789,-1.826,1.029,48.833,,,,,,,,,,
192.29,172.95,121.88,-48.741,-1.641,1.031,48.779,,,,,,,,,,
172.29,172.95,121.88,-48.641,-1.451,1.089,48.673,,,,,,,,,,
152.29,192.95,121.88,-48.233,-1.169,1.008,48.258,,,,,,,,,,
172.29,192.95,121.88,-48.383,-1.374,0.975,48.413,,,,,,,,,,
192.29,192.95,121.88,-48.505,-1.582,0.961,48.54,,,,,,,,,,
212.29,192.95,121.88,-48.575,-1.795,0.952,48.619,,,,,,,,,,
232.29,192.95,121.88,-48.572,-2.025,0.979,48.624,,,,,,,,,,
252.29,192.95,121.88,-48.502,-2.241,1.038,48.565,,,,,,,,,,
272.29,192.95,121.88,-48.378,-2.435,1.13,48.453,,,,,,,,,,
292.29,192.95,121.88,-48.219,-2.621,1.225,48.305,,,,,,,,,,
312.29,192.95,121.88,-48.048,-2.813,1.322,48.148,,,,,,,,,,
312.29,212.95,121.88,-47.758,-2.951,1.156,47.863,,,,,,,,,,
292.29,212.95,121.88,-47.993,-2.687,1.079,48.081,,,,,,,,,,
272.29,212.95,121.88,-48.193,-2.494,0.995,48.267,,,,,,,,,,
252.29,212.95,121.88,-48.341,-2.28,0.913,48.403,,,,,,,,,,
232.29,212.95,121.88,-48.42,-2.038,0.865,48.47,,,,,,,,,,
212.29,212.95,121.88,-48.421,-1.78,0.828,48.461,,,,,,,,,,
192.29,212.95,121.88,-48.334,-1.544,0.812,48.367,,,,,,,,,,
172.29,212.95,121.88,-48.188,-1.304,0.824,48.213,,,,,,,,,,
152.29,212.95,121.88,-47.995,-1.067,0.845,48.015,,,,,,,,,,
152.29,232.95,121.88,-47.91,-1.042,0.602,47.924,,,,,,,,,,
172.29,232.95,121.88,-48.097,-1.274,0.616,48.115,,,,,,,,,,
192.29,232.95,121.88,-48.245,-1.525,0.631,48.274,,,,,,,,,,
212.29,232.95,121.88,-48.33,-1.784,0.674,48.366,,,,,,,,,,
232.29,232.95,121.88,-48.333,-2.049,0.721,48.382,,,,,,,,,,
252.29,232.95,121.88,-48.24,-2.305,0.764,48.298,,,,,,,,,,
272.29,232.95,121.88,-48.075,-2.524,0.823,48.148,,,,,,,,,,
292.29,232.95,121.88,-47.864,-2.718,0.876,47.948,,,,,,,,,,
312.29,232.95,121.88,-47.672,-2.893,0.914,47.767,,,,,,,,,,
312.29,252.95,121.88,-47.552,-2.94,0.683,47.648,,,,,,,,,,
292.29,252.95,121.88,-47.79,-2.729,0.683,47.875,,,,,,,,,,
272.29,252.95,121.88,-48.014,-2.539,0.655,48.086,,,,,,,,,,
252.29,252.95,121.88,-48.185,-2.325,0.62,48.247,,,,,,,,,,
232.29,252.95,121.88,-48.281,-2.064,0.577,48.325,,,,,,,,,,
212.29,252.95,121.88,-48.293,-1.808,0.526,48.329,,,,,,,,,,
192.29,252.95,121.88,-48.219,-1.542,0.462,48.247,,,,,,,,,,
172.29,252.95,121.88,-48.07,-1.274,0.41,48.091,,,,,,,,,,
152.29,252.95,121.88,-47.859,-1.006,0.37,47.871,,,,,,,,,,
152.29,272.95,121.88,-47.947,-1.081,0.181,47.959,,,,,,,,,,
172.29,272.95,121.88,-48.103,-1.325,0.248,48.122,,,,,,,,,,
192.29,272.95,121.88,-48.231,-1.58,0.32,48.26,,,,,,,,,,
212.29,272.95,121.88,-48.285,-1.839,0.388,48.322,,,,,,,,,,
232.29,272.95,121.88,-48.271,-2.079,0.434,48.318,,,,,,,,,,
252.29,272.95,121.88,-48.172,-2.322,0.457,48.23,,,,,,,,,,
272.29,272.95,121.88,-48.01,-2.536,0.484,48.08,,,,,,,,,,
292.29,272.95,121.88,-47.801,-2.704,0.498,47.881,,,,,,,,,,
312.29,272.95,121.88,-47.642,-2.815,0.517,47.725,,,,,,,,,,
292.29,292.95,121.88,-47.843,-2.708,0.266,47.92,,,,,,,,,,
272.29,292.95,121.88,-48.067,-2.514,0.307,48.134,,,,,,,,,,
252.29,292.95,121.88,-48.217,-2.301,0.322,48.272,,,,,,,,,,
232.29,292.95,121.88,-48.299,-2.076,0.318,48.345,,,,,,,,,,
212.29,292.95,121.88,-48.322,-1.858,0.276,48.36,,,,,,,,,,
192.29,292.95,121.88,-48.279,-1.634,0.19,48.31,,,,,,,,,,
172.29,292.95,121.88,-48.163,-1.393,0.088,48.183,,,,,,,,,,
212.29,312.95,121.88,-48.388,-1.889,0.221,48.428,,,,,,,,,,
232.29,312.95,121.88,-48.364,-2.085,0.25,48.411,,,,,,,,,,
252.29,312.95,121.88,-48.298,-2.283,0.261,48.353,,,,,,,,,,
272.29,312.95,121.88,-48.2,-2.454,0.247,48.264,,,,,,,,,,
212.29,332.95,141.88,-48.33,-1.917,0.183,48.368,,,,,,,,,,
232.29,332.95,141.88,-48.333,-2.03,0.222,48.375,,,,,,,,,,
252.29,332.95,141.88,-48.268,-2.158,0.208,48.317,,,,,,,,,,
292.29,312.95,141.88,-47.943,-2.456,0.349,48.006,,,,,,,,,,
272.29,312.95,141.88,-48.078,-2.333,0.328,48.138,,,,,,,,,,
252.29,312.95,141.88,-48.19,-2.187,0.31,48.241,,,,,,,,,,
232.29,312.95,141.88,-48.252,-2.033,0.295,48.295,,,,,,,,,,
212.29,312.95,141.88,-48.263,-1.89,0.267,48.301,,,,,,,,,,
192.29,312.95,141.88,-48.214,-1.726,0.227,48.246,,,,,,,,,,
172.29,312.95,141.88,-48.13,-1.585,0.204,48.157,,,,,,,,,,
152.29,292.95,141.88,-47.87,-1.353,0.076,47.888,,,,,,,,,,
172.29,292.95,141.88,-48.051,-1.534,0.204,48.075,,,,,,,,,,
192.29,292.95,141.88,-48.164,-1.711,0.28,48.192,,,,,,,,,,
212.29,292.95,141.88,-48.212,-1.874,0.318,48.25,,,,,,,,,,
232.29,292.95,141.88,-48.208,-2.035,0.348,48.252,,,,,,,,,,
252.29,292.95,141.88,-48.139,-2.197,0.376,48.192,,,,,,,,,,
272.29,292.95,141.88,-48.019,-2.345,0.384,48.078,,,,,,,,,,
292.29,292.95,141.88,-47.845,-2.496,0.384,47.911,,,,,,,,,,
312.29,292.95,141.88,-47.616,-2.684,0.34,47.693,,,,,,,,,,
312.29,272.95,141.88,-47.58,-2.669,0.529,47.658,,,,,,,,,,
292.29,272.95,141.88,-47.801,-2.508,0.511,47.87,,,,,,,,,,
272.29,272.95,141.88,-47.983,-2.36,0.496,48.043,,,,,,,,,,
252.29,272.95,141.88,-48.114,-2.208,0.483,48.168,,,,,,,,,,
232.29,272.95,141.88,-48.186,-2.029,0.454,48.234,,,,,,,,,,
212.29,272.95,141.88,-48.196,-1.848,0.405,48.232,,,,,,,,,,
192.29,272.95,141.88,-48.129,-1.665,0.359,48.159,,,,,,,,,,
172.29,272.95,141.88,-48.001,-1.479,0.287,48.025,,,,,,,,,,
152.29,272.95,141.88,-47.809,-1.283,0.228,47.827,,,,,,,,,,
132.29,252.95,141.88,-47.503,-0.971,0.308,47.515,,,,,,,,,,
152.29,252.95,141.88,-47.792,-1.241,0.374,47.81,,,,,,,,,,
172.29,252.95,141.88,-47.994,-1.453,0.405,48.016,,,,,,,,,,
192.29,252.95,141.88,-48.132,-1.647,0.464,48.162,,,,,,,,,,
212.29,252.95,141.88,-48.2,-1.84,0.505,48.238,,,,,,,,,,
232.29,252.95,141.88,-48.197,-2.024,0.545,48.243,,,,,,,,,,
252.29,252.95,141.88,-48.126,-2.197,0.589,48.18,,,,,,,,,,
272.29,252.95,141.88,-47.993,-2.357,0.616,48.055,,,,,,,,,,
292.29,252.95,141.88,-47.806,-2.52,0.642,47.877,,,,,,,,,,
312.29,252.95,141.88,-47.583,-2.691,0.658,47.664,,,,,,,,,,
332.29,252.95,141.88,-47.284,-2.928,0.657,47.382,,,,,,,,,,
332.29,232.95,141.88,-47.382,-2.886,0.813,47.477,,,,,,,,,,
312.29,232.95,141.88,-47.644,-2.691,0.814,47.727,,,,,,,,,,
292.29,232.95,141.88,-47.874,-2.512,0.788,47.944,,,,,,,,,,
272.29,232.95,141.88,-48.051,-2.356,0.756,48.115,,,,,,,,,,
252.29,232.95,141.88,-48.186,-2.187,0.697,48.24,,,,,,,,,,
232.29,232.95,141.88,-48.249,-2.013,0.661,48.296,,,,,,,,,,
212.29,232.95,141.88,-48.244,-1.831,0.616,48.283,,,,,,,,,,
192.29,232.95,141.88,-48.175,-1.638,0.588,48.208,,,,,,,,,,
172.29,232.95,141.88,-48.035,-1.456,0.553,48.06,,,,,,,,,,
152.29,232.95,141.88,-47.842,-1.25,0.533,47.862,,,,,,,,,,
132.29,232.95,141.88,-47.597,-1.019,0.554,47.611,,,,,,,,,,
132.29,212.95,141.88,-47.71,-1.067,0.751,47.728,,,,,,,,,,
152.29,212.95,141.88,-47.949,-1.29,0.698,47.971,,,,,,,,,,
172.29,212.95,141.88,-48.137,-1.47,0.687,48.163,,,,,,,,,,
192.29,212.95,141.88,-48.265,-1.643,0.687,48.298,,,,,,,,,,
212.29,212.95,141.88,-48.332,-1.827,0.718,48.371,,,,,,,,,,
232.29,212.95,141.88,-48.346,-2,0.743,48.393,,,,,,,,,,
252.29,212.95,141.88,-48.279,-2.159,0.802,48.334,,,,,,,,,,
272.29,212.95,141.88,-48.164,-2.33,0.851,48.224,,,,,,,,,,
292.29,212.95,141.88,-47.992,-2.485,0.914,48.065,,,,,,,,,,
312.29,212.95,141.88,-47.767,-2.689,0.985,47.85,,,,,,,,,,
332.29,212.95,141.88,-47.442,-3.009,1.079,47.552,,,,,,,,,,
312.29,192.95,141.88,-47.953,-2.618,1.129,48.038,,,,,,,,,,
292.29,192.95,141.88,-48.163,-2.436,1.03,48.236,,,,,,,,,,
272.29,192.95,141.88,-48.32,-2.282,0.935,48.382,,,,,,,,,,
252.29,192.95,141.88,-48.422,-2.138,0.877,48.479,,,,,,,,,,
232.29,192.95,141.88,-48.477,-1.989,0.816,48.525,,,,,,,,,,
212.29,192.95,141.88,-48.469,-1.83,0.789,48.514,,,,,,,,,,
192.29,192.95,141.88,-48.408,-1.666,0.775,48.443,,,,,,,,,,
172.29,192.95,141.88,-48.287,-1.509,0.779,48.319,,,,,,,,,,
152.29,192.95,141.88,-48.123,-1.345,0.795,48.149,,,,,,,,,,
152.29,172.95,141.88,-48.347,-1.435,0.903,48.377,,,,,,,,,,
172.29,172.95,141.88,-48.492,-1.571,0.818,48.523,,,,,,,,,,
192.29,172.95,141.88,-48.585,-1.703,0.808,48.621,,,,,,,,,,
212.29,172.95,141.88,-48.634,-1.842,0.811,48.676,,,,,,,,,,
232.29,172.95,141.88,-48.634,-1.972,0.847,48.682,,,,,,,,,,
252.29,172.95,141.88,-48.6,-2.103,0.894,48.653,,,,,,,,,,
272.29,172.95,141.88,-48.512,-2.239,0.977,48.575,,,,,,,,,,
292.29,172.95,141.88,-48.387,-2.365,1.082,48.457,,,,,,,,,,
312.29,172.95,141.88,-48.188,-2.513,1.268,48.269,,,,,,,,,,
292.29,152.95,141.88,-48.637,-2.256,1.004,48.699,,,,,,,,,,
272.29,152.95,141.88,-48.713,-2.185,0.948,48.772,,,,,,,,,,
252.29,152.95,141.88,-48.777,-2.074,0.879,48.829,,,,,,,,,,
232.29,152.95,141.88,-48.807,-1.959,0.816,48.852,,,,,,,,,,
212.29,152.95,141.88,-48.805,-1.842,0.78,48.844,,,,,,,,,,
192.29,152.95,141.88,-48.759,-1.741,0.767,48.798,,,,,,,,,,
172.29,152.95,141.88,-48.696,-1.625,0.741,48.726,,,,,,,,,,
212.29,132.95,141.88,-48.948,-1.878,0.739,48.991,,,,,,,,,,
232.29,132.95,141.88,-48.966,-1.939,0.751,49.01,,,,,,,,,,
252.29,132.95,141.88,-48.932,-2.032,0.835,48.981,,,,,,,,,,
272.29,132.95,161.88,-48.752,-2.059,0.787,48.802,,,,,,,,,,
252.29,132.95,161.88,-48.806,-1.972,0.671,48.847,,,,,,,,,,
232.29,132.95,161.88,-48.816,-1.928,0.59,48.856,,,,,,,,,,
212.29,132.95,161.88,-48.805,-1.894,0.579,48.845,,,,,,,,,,
192.29,132.95,161.88,-48.757,-1.814,0.623,48.796,,,,,,,,,,
152.29,152.95,161.88,-48.415,-1.659,0.552,48.449,,,,,,,,,,
172.29,152.95,161.88,-48.528,-1.699,0.61,48.561,,,,,,,,,,
192.29,152.95,161.88,-48.62,-1.787,0.631,48.659,,,,,,,,,,
212.29,152.95,161.88,-48.668,-1.875,0.652,48.709,,,,,,,,,,
232.29,152.95,161.88,-48.682,-1.948,0.663,48.723,,,,,,,,,,
252.29,152.95,161.88,-48.654,-2.023,0.727,48.701,,,,,,,,,,
272.29,152.95,161.88,-48.596,-2.092,0.787,48.647,,,,,,,,,,
292.29,152.95,161.88,-48.498,-2.174,0.828,48.553,,,,,,,,,,
312.29,152.95,161.88,-48.416,-2.111,0.866,48.469,,,,,,,,,,
312.29,172.95,161.88,-48.159,-2.279,0.998,48.223,,,,,,,,,,
292.29,172.95,161.88,-48.313,-2.21,0.87,48.37,,,,,,,,,,
272.29,172.95,161.88,-48.431,-2.127,0.8,48.483,,,,,,,,,,
252.29,172.95,161.88,-48.506,-2.041,0.739,48.555,,,,,,,,,,
232.29,172.95,161.88,-48.544,-1.965,0.691,48.586,,,,,,,,,,
212.29,172.95,161.88,-48.528,-1.871,0.665,48.568,,,,,,,,,,
192.29,172.95,161.88,-48.472,-1.761,0.639,48.508,,,,,,,,,,
172.29,172.95,161.88,-48.369,-1.676,0.632,48.402,,,,,,,,,,
152.29,172.95,161.88,-48.229,-1.604,0.651,48.26,,,,,,,,,,
132.29,192.95,161.88,-47.808,-1.39,0.619,47.832,,,,,,,,,,
152.29,192.95,161.88,-48.034,-1.536,0.618,48.063,,,,,,,,,,
172.29,192.95,161.88,-48.206,-1.654,0.621,48.238,,,,,,,,,,
192.29,192.95,161.88,-48.323,-1.75,0.617,48.359,,,,,,,,,,
212.29,192.95,161.88,-48.388,-1.86,0.655,48.427,,,,,,,,,,
232.29,192.95,161.88,-48.401,-1.962,0.68,48.445,,,,,,,,,,
252.29,192.95,161.88,-48.367,-2.065,0.731,48.414,,,,,,,,,,
272.29,192.95,161.88,-48.271,-2.165,0.78,48.325,,,,,,,,,,
292.29,192.95,161.88,-48.125,-2.264,0.842,48.186,,,,,,,,,,
312.29,192.95,161.88,-47.928,-2.384,0.928,47.996,,,,,,,,,,
332.29,192.95,161.88,-47.679,-2.494,1.04,47.76,,,,,,,,,,
332.29,212.95,161.88,-47.461,-2.624,0.908,47.54,,,,,,,,,,
312.29,212.95,161.88,-47.749,-2.431,0.841,47.821,,,,,,,,,,
292.29,212.95,161.88,-47.972,-2.308,0.785,48.034,,,,,,,,,,
272.29,212.95,161.88,-48.13,-2.182,0.733,48.187,,,,,,,,,,
252.29,212.95,161.88,-48.24,-2.072,0.69,48.287,,,,,,,,,,
232.29,212.95,161.88,-48.284,-1.971,0.641,48.33,,,,,,,,,,
212.29,212.95,161.88,-48.275,-1.862,0.611,48.314,,,,,,,,,,
192.29,212.95,161.88,-48.197,-1.743,0.579,48.234,,,,,,,,,,
172.29,212.95,161.88,-48.07,-1.633,0.574,48.101,,,,,,,,,,
152.29,212.95,161.88,-47.876,-1.504,0.56,47.903,,,,,,,,,,
132.29,212.95,161.88,-47.623,-1.342,0.577,47.645,,,,,,,,,,
132.29,232.95,161.88,-47.489,-1.305,0.461,47.509,,,,,,,,,,
152.29,232.95,161.88,-47.768,-1.468,0.474,47.792,,,,,,,,,,
172.29,232.95,161.88,-47.974,-1.614,0.494,48.003,,,,,,,,,,
192.29,232.95,161.88,-48.112,-1.741,0.522,48.146,,,,,,,,,,
212.29,232.95,161.88,-48.189,-1.869,0.561,48.228,,,,,,,,,,
232.29,232.95,161.88,-48.195,-1.981,0.585,48.24,,,,,,,,,,
252.29,232.95,161.88,-48.145,-2.099,0.63,48.19,,,,,,,,,,
272.29,232.95,161.88,-48.028,-2.194,0.664,48.083,,,,,,,,,,
292.29,232.95,161.88,-47.859,-2.317,0.7,47.922,,,,,,,,,,
312.29,232.95,161.88,-47.63,-2.445,0.729,47.698,,,,,,,,,,
332.29,232.95,161.88,-47.339,-2.614,0.738,47.419,,,,,,,,,,
332.29,252.95,161.88,-47.265,-2.582,0.62,47.339,,,,,,,,,,
312.29,252.95,161.88,-47.565,-2.436,0.629,47.632,,,,,,,,,,
292.29,252.95,161.88,-47.793,-2.315,0.611,47.856,,,,,,,,,,
272.29,252.95,161.88,-47.969,-2.212,0.595,48.026,,,,,,,,,,
252.29,252.95,161.88,-48.09,-2.099,0.556,48.139,,,,,,,,,,
232.29,252.95,161.88,-48.145,-1.981,0.522,48.189,,,,,,,,,,
212.29,252.95,161.88,-48.136,-1.875,0.497,48.176,,,,,,,,,,
192.29,252.95,161.88,-48.066,-1.759,0.448,48.101,,,,,,,,,,
172.29,252.95,161.88,-47.922,-1.619,0.419,47.952,,,,,,,,,,
152.29,252.95,161.88,-47.716,-1.484,0.367,47.741,,,,,,,,,,
132.29,252.95,161.88,-47.424,-1.291,0.315,47.44,,,,,,,,,,
132.29,272.95,161.88,-47.445,-1.368,0.215,47.466,,,,,,,,,,
152.29,272.95,161.88,-47.716,-1.516,0.273,47.741,,,,,,,,,,
172.29,272.95,161.88,-47.925,-1.651,0.332,47.954,,,,,,,,,,
192.29,272.95,161.88,-48.057,-1.78,0.38,48.091,,,,,,,,,,
212.29,272.95,161.88,-48.123,-1.893,0.426,48.164,,,,,,,,,,
232.29,272.95,161.88,-48.127,-2.001,0.453,48.171,,,,,,,,,,
252.29,272.95,161.88,-48.072,-2.096,0.489,48.12,,,,,,,,,,
272.29,272.95,161.88,-47.961,-2.204,0.515,48.015,,,,,,,,,,
292.29,272.95,161.88,-47.78,-2.307,0.531,47.841,,,,,,,,,,
312.29,272.95,161.88,-47.554,-2.429,0.54,47.619,,,,,,,,,,
332.29,272.95,161.88,-47.253,-2.544,0.604,47.323,,,,,,,,,,
312.29,292.95,161.88,-47.589,-2.414,0.451,47.655,,,,,,,,,,
292.29,292.95,161.88,-47.815,-2.304,0.455,47.874,,,,,,,,,,
272.29,292.95,161.88,-47.979,-2.202,0.439,48.03,,,,,,,,,,
252.29,292.95,161.88,-48.088,-2.107,0.417,48.136,,,,,,,,,,
232.29,292.95,161.88,-48.145,-1.999,0.395,48.191,,,,,,,,,,
212.29,292.95,161.88,-48.141,-1.892,0.373,48.181,,,,,,,,,,
192.29,292.95,161.88,-48.078,-1.79,0.32,48.111,,,,,,,,,,
172.29,292.95,161.88,-47.958,-1.675,0.278,47.988,,,,,,,,,,
152.29,292.95,161.88,-47.77,-1.569,0.204,47.795,,,,,,,,,,
152.29,312.95,161.88,-47.853,-1.642,0.258,47.883,,,,,,,,,,
172.29,312.95,161.88,-48.01,-1.697,0.254,48.042,,,,,,,,,,
192.29,312.95,161.88,-48.128,-1.809,0.274,48.162,,,,,,,,,,
212.29,312.95,161.88,-48.183,-1.916,0.321,48.222,,,,,,,,,,
232.29,312.95,161.88,-48.185,-2.003,0.352,48.229,,,,,,,,,,
252.29,312.95,161.88,-48.137,-2.104,0.372,48.186,,,,,,,,,,
272.29,312.95,161.88,-48.033,-2.199,0.375,48.084,,,,,,,,,,
292.29,312.95,161.88,-47.875,-2.308,0.41,47.931,,,,,,,,,,
312.29,312.95,161.88,-47.689,-2.331,0.454,47.749,,,,,,,,,,
272.29,332.95,161.88,-48.126,-2.18,0.297,48.175,,,,,,,,,,
252.29,332.95,161.88,-48.228,-2.056,0.339,48.273,,,,,,,,,,
232.29,332.95,161.88,-48.264,-2.004,0.344,48.306,,,,,,,,,,
212.29,332.95,161.88,-48.268,-1.939,0.303,48.305,,,,,,,,,,
192.29,332.95,161.88,-48.207,-1.842,0.233,48.243,,,,,,,,,,
172.29,332.95,181.88,-48.02,-1.849,0.3,48.057,,,,,,,,,,
192.29,332.95,181.88,-48.143,-1.913,0.34,48.182,,,,,,,,,,
212.29,332.95,181.88,-48.19,-1.96,0.39,48.233,,,,,,,,,,
232.29,332.95,181.88,-48.194,-1.99,0.431,48.238,,,,,,,,,,
252.29,332.95,181.88,-48.169,-2.003,0.438,48.21,,,,,,,,,,
272.29,332.95,181.88,-48.094,-2.057,0.412,48.141,,,,,,,,,,
292.29,332.95,181.88,-47.944,-2.155,0.426,47.994,,,,,,,,,,
312.29,312.95,181.88,-47.648,-2.131,0.526,47.699,,,,,,,,,,
292.29,312.95,181.88,-47.857,-2.114,0.475,47.904,,,,,,,,,,
272.29,312.95,181.88,-48.012,-2.07,0.457,48.058,,,,,,,,,,
252.29,312.95,181.88,-48.105,-2.017,0.427,48.149,,,,,,,,,,
232.29,312.95,181.88,-48.146,-1.979,0.418,48.188,,,,,,,,,,
212.29,312.95,181.88,-48.136,-1.941,0.387,48.177,,,,,,,,,,
192.29,312.95,181.88,-48.075,-1.899,0.35,48.112,,,,,,,,,,
172.29,312.95,181.88,-47.949,-1.839,0.323,47.985,,,,,,,,,,
152.29,312.95,181.88,-47.764,-1.814,0.3,47.802,,,,,,,,,,
132.29,292.95,181.88,-47.451,-1.715,0.193,47.483,,,,,,,,,,
152.29,292.95,181.88,-47.71,-1.783,0.293,47.743,,,,,,,,,,
172.29,292.95,181.88,-47.892,-1.826,0.32,47.928,,,,,,,,,,
192.29,292.95,181.88,-48.028,-1.876,0.366,48.067,,,,,,,,,,
212.29,292.95,181.88,-48.103,-1.933,0.396,48.142,,,,,,,,,,
232.29,292.95,181.88,-48.114,-1.975,0.429,48.156,,,,,,,,,,
252.29,292.95,181.88,-48.067,-2.019,0.455,48.112,,,,,,,,,,
272.29,292.95,181.88,-47.962,-2.064,0.476,48.008,,,,,,,,,,
292.29,292.95,181.88,-47.806,-2.103,0.506,47.855,,,,,,,,,,
312.29,292.95,181.88,-47.582,-2.144,0.52,47.634,,,,,,,,,,
332.29,292.95,181.88,-47.259,-2.235,0.499,47.314,,,,,,,,,,
332.29,272.95,181.88,-47.224,-2.182,0.57,47.28,,,,,,,,,,
312.29,272.95,181.88,-47.548,-2.152,0.541,47.598,,,,,,,,,,
292.29,272.95,181.88,-47.784,-2.099,0.527,47.833,,,,,,,,,,
272.29,272.95,181.88,-47.95,-2.062,0.521,47.999,,,,,,,,,,
252.29,272.95,181.88,-48.056,-2.011,0.483,48.1,,,,,,,,,,
232.29,272.95,181.88,-48.099,-1.971,0.463,48.142,,,,,,,,,,
212.29,272.95,181.88,-48.084,-1.919,0.429,48.125,,,,,,,,,,
192.29,272.95,181.88,-48.007,-1.861,0.393,48.045,,,,,,,,,,
172.29,272.95,181.88,-47.872,-1.809,0.359,47.908,,,,,,,,,,
152.29,272.95,181.88,-47.662,-1.741,0.311,47.695,,,,,,,,,,
132.29,272.95,181.88,-47.381,-1.679,0.267,47.409,,,,,,,,,,
132.29,252.95,181.88,-47.353,-1.638,0.311,47.38,,,,,,,,,,
152.29,252.95,181.88,-47.659,-1.727,0.358,47.693,,,,,,,,,,
172.29,252.95,181.88,-47.88,-1.793,0.386,47.914,,,,,,,,,,
192.29,252.95,181.88,-48.026,-1.851,0.43,48.065,,,,,,,,,,
212.29,252.95,181.88,-48.105,-1.91,0.466,48.142,,,,,,,,,,
232.29,252.95,181.88,-48.116,-1.963,0.495,48.16,,,,,,,,,,
252.29,252.95,181.88,-48.077,-2.01,0.529,48.121,,,,,,,,,,
272.29,252.95,181.88,-47.969,-2.059,0.552,48.017,,,,,,,,,,
292.29,252.95,181.88,-47.798,-2.112,0.577,47.849,,,,,,,,,,
312.29,252.95,181.88,-47.568,-2.165,0.59,47.618,,,,,,,,,,
332.29,252.95,181.88,-47.253,-2.226,0.585,47.31,,,,,,,,,,
332.29,232.95,181.88,-47.312,-2.268,0.649,47.372,,,,,,,,,,
312.29,232.95,181.88,-47.63,-2.176,0.644,47.686,,,,,,,,,,
292.29,232.95,181.88,-47.861,-2.115,0.608,47.91,,,,,,,,,,
272.29,232.95,181.88,-48.026,-2.057,0.597,48.073,,,,,,,,,,
252.29,232.95,181.88,-48.125,-2.014,0.567,48.171,,,,,,,,,,
232.29,232.95,181.88,-48.169,-1.956,0.523,48.211,,,,,,,,,,
212.29,232.95,181.88,-48.152,-1.907,0.493,48.192,,,,,,,,,,
192.29,232.95,181.88,-48.076,-1.842,0.448,48.115,,,,,,,,,,
172.29,232.95,181.88,-47.925,-1.783,0.432,47.96,,,,,,,,,,
152.29,232.95,181.88,-47.711,-1.726,0.4,47.744,,,,,,,,,,
132.29,232.95,181.88,-47.398,-1.633,0.381,47.427,,,,,,,,,,
132.29,212.95,181.88,-47.523,-1.641,0.419,47.554,,,,,,,,,,
152.29,212.95,181.88,-47.813,-1.722,0.443,47.849,,,,,,,,,,
172.29,212.95,181.88,-48.018,-1.791,0.457,48.054,,,,,,,,,,
192.29,212.95,181.88,-48.163,-1.844,0.487,48.2,,,,,,,,,,
212.29,212.95,181.88,-48.24,-1.9,0.517,48.279,,,,,,,,,,
232.29,212.95,181.88,-48.255,-1.945,0.545,48.298,,,,,,,,,,
252.29,212.95,181.88,-48.215,-2.005,0.577,48.26,,,,,,,,,,
272.29,212.95,181.88,-48.116,-2.056,0.624,48.163,,,,,,,,,,
292.29,212.95,181.88,-47.96,-2.118,0.66,48.012,,,,,,,,,,
312.29,212.95,181.88,-47.745,-2.18,0.697,47.802,,,,,,,,,,
332.29,212.95,181.88,-47.45,-2.282,0.742,47.512,,,,,,,,,,
332.29,192.95,181.88,-47.67,-2.228,0.81,47.729,,,,,,,,,,
312.29,192.95,181.88,-47.919,-2.152,0.74,47.972,,,,,,,,,,
292.29,192.95,181.88,-48.106,-2.096,0.68,48.155,,,,,,,,,,
272.29,192.95,181.88,-48.239,-2.044,0.645,48.286,,,,,,,,,,
252.29,192.95,181.88,-48.327,-1.981,0.602,48.371,,,,,,,,,,
232.29,192.95,181.88,-48.36,-1.939,0.559,48.402,,,,,,,,,,
212.29,192.95,181.88,-48.344,-1.892,0.52,48.384,,,,,,,,,,
192.29,192.95,181.88,-48.275,-1.847,0.506,48.311,,,,,,,,,,
172.29,192.95,181.88,-48.147,-1.79,0.477,48.184,,,,,,,,,,
152.29,192.95,181.88,-47.963,-1.738,0.459,47.997,,,,,,,,,,
132.29,192.95,181.88,-47.701,-1.647,0.437,47.73,,,,,,,,,,
132.29,172.95,181.88,-47.918,-1.677,0.507,47.951,,,,,,,,,,
152.29,172.95,181.88,-48.138,-1.759,0.479,48.176,,,,,,,,,,
172.29,172.95,181.88,-48.298,-1.806,0.477,48.335,,,,,,,,,,
192.29,172.95,181.88,-48.4,-1.848,0.497,48.438,,,,,,,,,,
212.29,172.95,181.88,-48.466,-1.895,0.528,48.506,,,,,,,,,,
232.29,172.95,181.88,-48.481,-1.94,0.557,48.523,,,,,,,,,,
252.29,172.95,181.88,-48.452,-1.984,0.609,48.498,,,,,,,,,,
272.29,172.95,181.88,-48.383,-2.019,0.641,48.429,,,,,,,,,,
292.29,172.95,181.88,-48.272,-2.071,0.687,48.321,,,,,,,,,,
312.29,172.95,181.88,-48.124,-2.105,0.752,48.178,,,,,,,,,,
332.29,172.95,181.88,-47.944,-2.182,0.885,48.002,,,,,,,,,,
312.29,152.95,181.88,-48.324,-2.052,0.694,48.373,,,,,,,,,,
292.29,152.95,181.88,-48.437,-2.054,0.686,48.486,,,,,,,,,,
272.29,152.95,181.88,-48.528,-2.017,0.65,48.572,,,,,,,,,,
252.29,152.95,181.88,-48.581,-1.967,0.589,48.624,,,,,,,,,,
232.29,152.95,181.88,-48.603,-1.935,0.548,48.64,,,,,,,,,,
212.29,152.95,181.88,-48.589,-1.887,0.523,48.629,,,,,,,,,,
192.29,152.95,181.88,-48.531,-1.848,0.503,48.572,,,,,,,,,,
172.29,152.95,181.88,-48.437,-1.809,0.472,48.473,,,,,,,,,,
152.29,152.95,181.88,-48.302,-1.771,0.422,48.336,,,,,,,,,,
172.29,132.95,181.88,-48.571,-1.797,0.489,48.606,,,,,,,,,,
192.29,132.95,181.88,-48.657,-1.879,0.493,48.696,,,,,,,,,,
212.29,132.95,181.88,-48.683,-1.904,0.478,48.722,,,,,,,,,,
232.29,132.95,181.88,-48.687,-1.929,0.498,48.728,,,,,,,,,,
252.29,132.95,181.88,-48.69,-1.947,0.554,48.73,,,,,,,,,,
272.29,132.95,181.88,-48.662,-1.989,0.623,48.707,,,,,,,,,,
292.29,132.95,181.88,-48.577,-2.079,0.688,48.626,,,,,,,,,,
232.29,112.95,201.88,-48.605,-1.913,0.452,48.645,,,,,,,,,,
292.29,132.95,201.88,-48.552,-1.966,0.542,48.597,,,,,,,,,,
272.29,132.95,201.88,-48.626,-1.941,0.528,48.666,,,,,,,,,,
252.29,132.95,201.88,-48.641,-1.928,0.488,48.68,,,,,,,,,,
232.29,132.95,201.88,-48.64,-1.917,0.461,48.68,,,,,,,,,,
212.29,132.95,201.88,-48.641,-1.908,0.427,48.679,,,,,,,,,,
192.29,132.95,201.88,-48.622,-1.917,0.396,48.661,,,,,,,,,,
172.29,132.95,201.88,-48.547,-1.907,0.353,48.584,,,,,,,,,,
152.29,152.95,201.88,-48.271,-1.927,0.313,48.311,,,,,,,,,,
172.29,152.95,201.88,-48.414,-1.924,0.347,48.45,,,,,,,,,,
192.29,152.95,201.88,-48.512,-1.92,0.377,48.551,,,,,,,,,,
212.29,152.95,201.88,-48.562,-1.928,0.418,48.602,,,,,,,,,,
232.29,152.95,201.88,-48.575,-1.92,0.456,48.612,,,,,,,,,,
252.29,152.95,201.88,-48.553,-1.924,0.482,48.594,,,,,,,,,,
272.29,152.95,201.88,-48.504,-1.942,0.51,48.545,,,,,,,,,,
292.29,152.95,201.88,-48.413,-1.948,0.543,48.459,,,,,,,,,,
312.29,152.95,201.88,-48.297,-1.959,0.552,48.34,,,,,,,,,,
332.29,172.95,201.88,-47.933,-1.962,0.586,47.976,,,,,,,,,,
312.29,172.95,201.88,-48.116,-1.941,0.553,48.158,,,,,,,,,,
292.29,172.95,201.88,-48.261,-1.942,0.539,48.306,,,,,,,,,,
272.29,172.95,201.88,-48.377,-1.931,0.513,48.417,,,,,,,,,,
252.29,172.95,201.88,-48.437,-1.927,0.487,48.478,,,,,,,,,,
232.29,172.95,201.88,-48.467,-1.932,0.46,48.508,,,,,,,,,,
212.29,172.95,201.88,-48.45,-1.914,0.412,48.492,,,,,,,,,,
192.29,172.95,201.88,-48.387,-1.933,0.392,48.427,,,,,,,,,,
172.29,172.95,201.88,-48.274,-1.943,0.344,48.313,,,,,,,,,,
152.29,172.95,201.88,-48.111,-1.935,0.3,48.151,,,,,,,,,,
132.29,172.95,201.88,-47.88,-1.958,0.256,47.92,,,,,,,,,,
132.29,192.95,201.88,-47.649,-1.97,0.266,47.691,,,,,,,,,,
152.29,192.95,201.88,-47.936,-1.951,0.313,47.976,,,,,,,,,,
172.29,192.95,201.88,-48.126,-1.956,0.35,48.167,,,,,,,,,,
192.29,192.95,201.88,-48.262,-1.943,0.381,48.303,,,,,,,,,,
212.29,192.95,201.88,-48.331,-1.935,0.422,48.373,,,,,,,,,,
232.29,192.95,201.88,-48.357,-1.932,0.466,48.397,,,,,,,,,,
252.29,192.95,201.88,-48.324,-1.934,0.493,48.367,,,,,,,,,,
272.29,192.95,201.88,-48.24,-1.939,0.509,48.285,,,,,,,,,,
292.29,192.95,201.88,-48.113,-1.927,0.53,48.154,,,,,,,,,,
312.29,192.95,201.88,-47.926,-1.93,0.56,47.968,,,,,,,,,,
332.29,192.95,201.88,-47.675,-1.94,0.57,47.719,,,,,,,,,,
332.29,212.95,201.88,-47.478,-1.928,0.563,47.519,,,,,,,,,,
312.29,212.95,201.88,-47.762,-1.921,0.548,47.804,,,,,,,,,,
292.29,212.95,201.88,-47.978,-1.918,0.548,48.018,,,,,,,,,,
272.29,212.95,201.88,-48.122,-1.927,0.522,48.164,,,,,,,,,,
252.29,212.95,201.88,-48.217,-1.936,0.493,48.258,,,,,,,,,,
232.29,212.95,201.88,-48.249,-1.931,0.461,48.29,,,,,,,,,,
212.29,212.95,201.88,-48.226,-1.932,0.422,48.268,,,,,,,,,,
192.29,212.95,201.88,-48.15,-1.948,0.383,48.19,,,,,,,,,,
172.29,212.95,201.88,-48.003,-1.949,0.354,48.044,,,,,,,,,,
152.29,212.95,201.88,-47.79,-1.967,0.32,47.833,,,,,,,,,,
132.29,212.95,201.88,-47.473,-1.988,0.273,47.514,,,,,,,,,,
112.29,232.95,201.88,-46.853,-2.052,0.28,46.896,,,,,,,,,,
132.29,232.95,201.88,-47.361,-2.01,0.308,47.406,,,,,,,,,,
152.29,232.95,201.88,-47.686,-1.982,0.332,47.727,,,,,,,,,,
172.29,232.95,201.88,-47.914,-1.959,0.367,47.955,,,,,,,,,,
192.29,232.95,201.88,-48.062,-1.959,0.394,48.104,,,,,,,,,,
212.29,232.95,201.88,-48.148,-1.943,0.432,48.191,,,,,,,,,,
232.29,232.95,201.88,-48.177,-1.936,0.466,48.216,,,,,,,,,,
252.29,232.95,201.88,-48.138,-1.933,0.492,48.179,,,,,,,,,,
272.29,232.95,201.88,-48.039,-1.914,0.52,48.08,,,,,,,,,,
292.29,232.95,201.88,-47.875,-1.917,0.538,47.918,,,,,,,,,,
312.29,232.95,201.88,-47.654,-1.899,0.548,47.695,,,,,,,,,,
332.29,232.95,201.88,-47.341,-1.895,0.55,47.384,,,,,,,,,,
352.29,232.95,201.88,-46.896,-1.899,0.51,46.939,,,,,,,,,,
332.29,252.95,201.88,-47.279,-1.842,0.538,47.316,,,,,,,,,,
312.29,252.95,201.88,-47.592,-1.879,0.55,47.633,,,,,,,,,,
292.29,252.95,201.88,-47.822,-1.901,0.531,47.867,,,,,,,,,,
272.29,252.95,201.88,-47.984,-1.919,0.526,48.025,,,,,,,,,,
252.29,252.95,201.88,-48.086,-1.927,0.493,48.128,,,,,,,,,,
232.29,252.95,201.88,-48.12,-1.945,0.474,48.162,,,,,,,,,,
212.29,252.95,201.88,-48.104,-1.941,0.433,48.144,,,,,,,,,,
192.29,252.95,201.88,-48.016,-1.955,0.398,48.058,,,,,,,,,,
172.29,252.95,201.88,-47.864,-1.977,0.372,47.905,,,,,,,,,,
152.29,252.95,201.88,-47.639,-1.974,0.352,47.681,,,,,,,,,,
132.29,252.95,201.88,-47.324,-2.003,0.345,47.368,,,,,,,,,,
132.29,272.95,201.88,-47.356,-1.984,0.331,47.397,,,,,,,,,,
152.29,272.95,201.88,-47.64,-1.986,0.355,47.681,,,,,,,,,,
172.29,272.95,201.88,-47.849,-1.968,0.375,47.892,,,,,,,,,,
192.29,272.95,201.88,-47.992,-1.974,0.404,48.039,,,,,,,,,,
212.29,272.95,201.88,-48.084,-1.965,0.43,48.124,,,,,,,,,,
232.29,272.95,201.88,-48.106,-1.957,0.451,48.149,,,,,,,,,,
252.29,272.95,201.88,-48.067,-1.94,0.488,48.107,,,,,,,,,,
272.29,272.95,201.88,-47.966,-1.924,0.511,48.006,,,,,,,,,,
292.29,272.95,201.88,-47.808,-1.914,0.539,47.847,,,,,,,,,,
312.29,272.95,201.88,-47.579,-1.878,0.561,47.617,,,,,,,,,,
332.29,272.95,201.88,-47.263,-1.789,0.571,47.3,,,,,,,,,,
332.29,292.95,201.88,-47.309,-1.804,0.607,47.346,,,,,,,,,,
312.29,292.95,201.88,-47.607,-1.873,0.573,47.647,,,,,,,,,,
292.29,292.95,201.88,-47.825,-1.919,0.537,47.867,,,,,,,,,,
272.29,292.95,201.88,-47.977,-1.925,0.507,48.019,,,,,,,,,,
252.29,292.95,201.88,-48.07,-1.949,0.473,48.114,,,,,,,,,,
232.29,292.95,201.88,-48.11,-1.954,0.456,48.152,,,,,,,,,,
212.29,292.95,201.88,-48.088,-1.964,0.425,48.129,,,,,,,,,,
192.29,292.95,201.88,-48.014,-1.977,0.404,48.057,,,,,,,,,,
172.29,292.95,201.88,-47.873,-1.984,0.372,47.916,,,,,,,,,,
152.29,292.95,201.88,-47.68,-1.997,0.347,47.724,,,,,,,,,,
132.29,292.95,201.88,-47.423,-2.003,0.31,47.467,,,,,,,,,,
152.29,312.95,201.88,-47.728,-2.023,0.356,47.772,,,,,,,,,,
172.29,312.95,201.88,-47.919,-1.994,0.382,47.962,,,,,,,,,,
192.29,312.95,201.88,-48.055,-1.983,0.408,48.097,,,,,,,,,,
212.29,312.95,201.88,-48.122,-1.975,0.426,48.161,,,,,,,,,,
232.29,312.95,201.88,-48.138,-1.965,0.462,48.179,,,,,,,,,,
252.29,312.95,201.88,-48.104,-1.956,0.481,48.146,,,,,,,,,,
272.29,312.95,201.88,-48.016,-1.948,0.512,48.059,,,,,,,,,,
292.29,312.95,201.88,-47.869,-1.932,0.54,47.91,,,,,,,,,,
312.29,312.95,201.88,-47.664,-1.905,0.586,47.707,,,,,,,,,,
292.29,332.95,201.88,-47.948,-1.962,0.543,47.992,,,,,,,,,,
272.29,332.95,201.88,-48.082,-1.958,0.515,48.126,,,,,,,,,,
252.29,332.95,201.88,-48.146,-1.963,0.498,48.189,,,,,,,,,,
232.29,332.95,201.88,-48.169,-1.971,0.468,48.211,,,,,,,,,,
212.29,332.95,201.88,-48.162,-1.976,0.445,48.204,,,,,,,,,,
192.29,332.95,201.88,-48.115,-1.983,0.428,48.158,,,,,,,,,,
172.29,332.95,201.88,-47.99,-2.009,0.41,48.033,,,,,,,,,,
232.29,352.95,201.88,-48.144,-1.971,0.477,48.187,,,,,,,,,,
172.29,332.95,221.88,-47.995,-2.177,0.515,48.049,,,,,,,,,,
192.29,332.95,221.88,-48.145,-2.063,0.512,48.193,,,,,,,,,,
212.29,332.95,221.88,-48.204,-2.003,0.492,48.247,,,,,,,,,,
232.29,332.95,221.88,-48.215,-1.958,0.496,48.258,,,,,,,,,,
252.29,332.95,221.88,-48.188,-1.922,0.538,48.229,,,,,,,,,,
272.29,332.95,221.88,-48.117,-1.852,0.599,48.158,,,,,,,,,,
292.29,332.95,221.88,-47.984,-1.758,0.655,48.019,,,,,,,,,,
312.29,312.95,221.88,-47.727,-1.704,0.638,47.763,,,,,,,,,,
292.29,312.95,221.88,-47.914,-1.758,0.6,47.951,,,,,,,,,,
272.29,312.95,221.88,-48.058,-1.834,0.562,48.095,,,,,,,,,,
252.29,312.95,221.88,-48.139,-1.888,0.519,48.176,,,,,,,,,,
232.29,312.95,221.88,-48.171,-1.945,0.497,48.213,,,,,,,,,,
212.29,312.95,221.88,-48.15,-2.009,0.483,48.195,,,,,,,,,,
192.29,312.95,221.88,-48.072,-2.079,0.465,48.119,,,,,,,,,,
172.29,312.95,221.88,-47.934,-2.159,0.447,47.984,,,,,,,,,,
152.29,312.95,221.88,-47.754,-2.213,0.411,47.81,,,,,,,,,,
132.29,292.95,221.88,-47.443,-2.286,0.425,47.5,,,,,,,,,,
152.29,292.95,221.88,-47.687,-2.217,0.419,47.744,,,,,,,,,,
172.29,292.95,221.88,-47.884,-2.145,0.427,47.933,,,,,,,,,,
192.29,292.95,221.88,-48.03,-2.088,0.437,48.078,,,,,,,,,,
212.29,292.95,221.88,-48.118,-2.014,0.46,48.162,,,,,,,,,,
232.29,292.95,221.88,-48.145,-1.943,0.479,48.187,,,,,,,,,,
252.29,292.95,221.88,-48.112,-1.882,0.507,48.151,,,,,,,,,,
272.29,292.95,221.88,-48.022,-1.797,0.542,48.058,,,,,,,,,,
292.29,292.95,221.88,-47.87,-1.729,0.57,47.906,,,,,,,,,,
312.29,292.95,221.88,-47.678,-1.645,0.62,47.71,,,,,,,,,,
332.29,292.95,221.88,-47.424,-1.427,0.699,47.45,,,,,,,,,,
332.29,272.95,221.88,-47.375,-1.435,0.584,47.4,,,,,,,,,,
312.29,272.95,221.88,-47.643,-1.614,0.562,47.674,,,,,,,,,,
292.29,272.95,221.88,-47.855,-1.721,0.548,47.888,,,,,,,,,,
272.29,272.95,221.88,-48.006,-1.792,0.52,48.042,,,,,,,,,,
252.29,272.95,221.88,-48.104,-1.87,0.488,48.141,,,,,,,,,,
232.29,272.95,221.88,-48.138,-1.941,0.457,48.179,,,,,,,,,,
212.29,272.95,221.88,-48.103,-2.011,0.439,48.148,,,,,,,,,,
192.29,272.95,221.88,-48.012,-2.077,0.41,48.059,,,,,,,,,,
172.29,272.95,221.88,-47.855,-2.157,0.394,47.906,,,,,,,,,,
152.29,272.95,221.88,-47.637,-2.22,0.376,47.691,,,,,,,,,,
132.29,272.95,221.88,-47.381,-2.293,0.389,47.438,,,,,,,,,,
132.29,252.95,221.88,-47.347,-2.343,0.345,47.407,,,,,,,,,,
152.29,252.95,221.88,-47.641,-2.233,0.331,47.695,,,,,,,,,,
172.29,252.95,221.88,-47.863,-2.154,0.365,47.911,,,,,,,,,,
192.29,252.95,221.88,-48.032,-2.071,0.381,48.078,,,,,,,,,,
212.29,252.95,221.88,-48.123,-2.011,0.404,48.168,,,,,,,,,,
232.29,252.95,221.88,-48.156,-1.932,0.439,48.196,,,,,,,,,,
252.29,252.95,221.88,-48.123,-1.859,0.462,48.162,,,,,,,,,,
272.29,252.95,221.88,-48.022,-1.799,0.487,48.059,,,,,,,,,,
292.29,252.95,221.88,-47.871,-1.715,0.507,47.904,,,,,,,,,,
312.29,252.95,221.88,-47.651,-1.618,0.521,47.683,,,,,,,,,,
332.29,252.95,221.88,-47.372,-1.493,0.504,47.398,,,,,,,,,,
332.29,232.95,221.88,-47.424,-1.543,0.447,47.452,,,,,,,,,,
312.29,232.95,221.88,-47.703,-1.64,0.464,47.732,,,,,,,,,,
292.29,232.95,221.88,-47.92,-1.725,0.466,47.956,,,,,,,,,,
272.29,232.95,221.88,-48.081,-1.792,0.45,48.113,,,,,,,,,,
252.29,232.95,221.88,-48.176,-1.86,0.432,48.213,,,,,,,,,,
232.29,232.95,221.88,-48.203,-1.928,0.405,48.245,,,,,,,,,,
212.29,232.95,221.88,-48.177,-1.999,0.378,48.219,,,,,,,,,,
192.29,232.95,221.88,-48.081,-2.071,0.343,48.126,,,,,,,,,,
172.29,232.95,221.88,-47.921,-2.143,0.302,47.97,,,,,,,,,,
152.29,232.95,221.88,-47.701,-2.229,0.265,47.754,,,,,,,,,,
132.29,232.95,221.88,-47.393,-2.354,0.233,47.452,,,,,,,,,,
132.29,212.95,221.88,-47.528,-2.339,0.136,47.584,,,,,,,,,,
152.29,212.95,221.88,-47.81,-2.206,0.202,47.861,,,,,,,,,,
172.29,212.95,221.88,-48.022,-2.115,0.25,48.069,,,,,,,,,,
192.29,212.95,221.88,-48.165,-2.056,0.298,48.209,,,,,,,,,,
212.29,212.95,221.88,-48.259,-1.988,0.352,48.301,,,,,,,,,,
232.29,212.95,221.88,-48.281,-1.928,0.375,48.322,,,,,,,,,,
252.29,212.95,221.88,-48.255,-1.872,0.396,48.295,,,,,,,,,,
272.29,212.95,221.88,-48.162,-1.799,0.417,48.2,,,,,,,,,,
292.29,212.95,221.88,-48.014,-1.739,0.432,48.048,,,,,,,,,,
312.29,212.95,221.88,-47.81,-1.671,0.415,47.841,,,,,,,,,,
332.29,212.95,221.88,-47.54,-1.579,0.397,47.569,,,,,,,,,,
332.29,192.95,221.88,-47.72,-1.659,0.363,47.749,,,,,,,,,,
312.29,192.95,221.88,-47.958,-1.711,0.39,47.991,,,,,,,,,,
292.29,192.95,221.88,-48.144,-1.767,0.398,48.177,,,,,,,,,,
272.29,192.95,221.88,-48.271,-1.815,0.406,48.307,,,,,,,,,,
252.29,192.95,221.88,-48.355,-1.876,0.385,48.395,,,,,,,,,,
232.29,192.95,221.88,-48.386,-1.918,0.361,48.425,,,,,,,,,,
212.29,192.95,221.88,-48.361,-1.972,0.318,48.404,,,,,,,,,,
192.29,192.95,221.88,-48.283,-2.029,0.27,48.327,,,,,,,,,,
172.29,192.95,221.88,-48.158,-2.096,0.219,48.204,,,,,,,,,,
152.29,192.95,221.88,-47.969,-2.173,0.148,48.018,,,,,,,,,,
132.29,192.95,221.88,-47.71,-2.283,0.081,47.768,,,,,,,,,,
132.29,172.95,221.88,-47.934,-2.217,0,47.986,,,,,,,,,,
152.29,172.95,221.88,-48.156,-2.118,0.127,48.2,,,,,,,,,,
172.29,172.95,221.88,-48.304,-2.068,0.22,48.349,,,,,,,,,,
192.29,172.95,221.88,-48.416,-2.011,0.265,48.457,,,,,,,,,,
212.29,172.95,221.88,-48.481,-1.962,0.305,48.521,,,,,,,,,,
232.29,172.95,221.88,-48.5,-1.919,0.352,48.54,,,,,,,,,,
252.29,172.95,221.88,-48.473,-1.872,0.381,48.511,,,,,,,,,,
272.29,172.95,221.88,-48.404,-1.841,0.381,48.44,,,,,,,,,,
292.29,172.95,221.88,-48.293,-1.796,0.39,48.33,,,,,,,,,,
312.29,172.95,221.88,-48.145,-1.781,0.366,48.18,,,,,,,,,,
332.29,172.95,221.88,-47.955,-1.719,0.281,47.986,,,,,,,,,,
312.29,152.95,221.88,-48.324,-1.847,0.416,48.361,,,,,,,,,,
292.29,152.95,221.88,-48.44,-1.837,0.401,48.477,,,,,,,,,,
272.29,152.95,221.88,-48.535,-1.861,0.387,48.572,,,,,,,,,,
252.29,152.95,221.88,-48.591,-1.899,0.389,48.63,,,,,,,,,,
232.29,152.95,221.88,-48.613,-1.925,0.36,48.654,,,,,,,,,,
212.29,152.95,221.88,-48.597,-1.953,0.33,48.637,,,,,,,,,,
192.29,152.95,221.88,-48.545,-1.982,0.277,48.585,,,,,,,,,,
172.29,152.95,221.88,-48.449,-2.041,0.227,48.495,,,,,,,,,,
152.29,152.95,221.88,-48.325,-2.075,0.199,48.37,,,,,,,,,,
172.29,132.95,221.88,-48.574,-2.021,0.225,48.616,,,,,,,,,,
192.29,132.95,221.88,-48.665,-1.947,0.283,48.705,,,,,,,,,,
212.29,132.95,221.88,-48.696,-1.927,0.369,48.736,,,,,,,,,,
232.29,132.95,221.88,-48.695,-1.921,0.419,48.737,,,,,,,,,,
252.29,132.95,221.88,-48.688,-1.919,0.437,48.727,,,,,,,,,,
272.29,132.95,221.88,-48.661,-1.893,0.417,48.698,,,,,,,,,,
292.29,132.95,221.88,-48.583,-1.846,0.405,48.619,,,,,,,,,,
272.29,132.95,241.88,-48.754,-1.832,0.273,48.79,,,,,,,,,,
252.29,132.95,241.88,-48.805,-1.902,0.342,48.843,,,,,,,,,,
232.29,132.95,241.88,-48.825,-1.912,0.345,48.864,,,,,,,,,,
212.29,132.95,241.88,-48.818,-1.937,0.276,48.859,,,,,,,,,,
192.29,132.95,241.88,-48.763,-2.007,0.166,48.805,,,,,,,,,,
152.29,152.95,241.88,-48.474,-2.179,0.068,48.524,,,,,,,,,,
172.29,152.95,241.88,-48.543,-2.141,0.096,48.59,,,,,,,,,,
192.29,152.95,241.88,-48.637,-2.069,0.15,48.68,,,,,,,,,,
212.29,152.95,241.88,-48.691,-1.983,0.209,48.73,,,,,,,,,,
232.29,152.95,241.88,-48.703,-1.913,0.27,48.741,,,,,,,,,,
252.29,152.95,241.88,-48.679,-1.851,0.282,48.718,,,,,,,,,,
272.29,152.95,241.88,-48.622,-1.785,0.262,48.655,,,,,,,,,,
292.29,152.95,241.88,-48.521,-1.719,0.261,48.552,,,,,,,,,,
312.29,152.95,241.88,-48.417,-1.752,0.273,48.449,,,,,,,,,,
312.29,172.95,241.88,-48.21,-1.602,0.164,48.236,,,,,,,,,,
292.29,172.95,241.88,-48.364,-1.671,0.228,48.397,,,,,,,,,,
272.29,172.95,241.88,-48.478,-1.747,0.252,48.51,,,,,,,,,,
252.29,172.95,241.88,-48.55,-1.827,0.251,48.585,,,,,,,,,,
232.29,172.95,241.88,-48.577,-1.913,0.238,48.615,,,,,,,,,,
212.29,172.95,241.88,-48.56,-2.002,0.196,48.601,,,,,,,,,,
192.29,172.95,241.88,-48.495,-2.089,0.138,48.54,,,,,,,,,,
172.29,172.95,241.88,-48.39,-2.19,0.064,48.439,,,,,,,,,,
152.29,172.95,241.88,-48.251,-2.272,-0.056,48.306,,,,,,,,,,
132.29,192.95,241.88,-47.848,-2.529,-0.086,47.915,,,,,,,,,,
152.29,192.95,241.88,-48.039,-2.363,-0.019,48.097,,,,,,,,,,
172.29,192.95,241.88,-48.215,-2.246,0.071,48.268,,,,,,,,,,
192.29,192.95,241.88,-48.346,-2.133,0.152,48.393,,,,,,,,,,
212.29,192.95,241.88,-48.428,-2.018,0.207,48.472,,,,,,,,,,
232.29,192.95,241.88,-48.456,-1.906,0.253,48.494,,,,,,,,,,
252.29,192.95,241.88,-48.43,-1.807,0.275,48.463,,,,,,,,,,
272.29,192.95,241.88,-48.342,-1.698,0.273,48.372,,,,,,,,,,
292.29,192.95,241.88,-48.199,-1.592,0.259,48.227,,,,,,,,,,
312.29,192.95,241.88,-48.008,-1.499,0.215,48.033,,,,,,,,,,
332.29,192.95,241.88,-47.779,-1.391,0.163,47.802,,,,,,,,,,
332.29,212.95,241.88,-47.605,-1.288,0.262,47.624,,,,,,,,,,
312.29,212.95,241.88,-47.86,-1.434,0.3,47.882,,,,,,,,,,
292.29,212.95,241.88,-48.076,-1.556,0.32,48.102,,,,,,,,,,
272.29,212.95,241.88,-48.23,-1.677,0.329,48.257,,,,,,,,,,
252.29,212.95,241.88,-48.325,-1.795,0.315,48.359,,,,,,,,,,
232.29,212.95,241.88,-48.353,-1.908,0.285,48.393,,,,,,,,,,
212.29,212.95,241.88,-48.321,-2.044,0.251,48.363,,,,,,,,,,
192.29,212.95,241.88,-48.226,-2.164,0.203,48.275,,,,,,,,,,
172.29,212.95,241.88,-48.063,-2.302,0.147,48.118,,,,,,,,,,
152.29,212.95,241.88,-47.857,-2.424,0.07,47.921,,,,,,,,,,
132.29,212.95,241.88,-47.62,-2.621,-0.027,47.692,,,,,,,,,,
132.29,232.95,241.88,-47.471,-2.657,0.15,47.545,,,,,,,,,,
152.29,232.95,241.88,-47.723,-2.477,0.186,47.785,,,,,,,,,,
172.29,232.95,241.88,-47.951,-2.326,0.217,48.008,,,,,,,,,,
192.29,232.95,241.88,-48.127,-2.194,0.267,48.176,,,,,,,,,,
212.29,232.95,241.88,-48.233,-2.063,0.32,48.279,,,,,,,,,,
232.29,232.95,241.88,-48.279,-1.925,0.347,48.319,,,,,,,,,,
252.29,232.95,241.88,-48.248,-1.791,0.372,48.283,,,,,,,,,,
272.29,232.95,241.88,-48.142,-1.662,0.383,48.173,,,,,,,,,,
292.29,232.95,241.88,-47.989,-1.528,0.394,48.015,,,,,,,,,,
312.29,232.95,241.88,-47.772,-1.397,0.388,47.794,,,,,,,,,,
332.29,232.95,241.88,-47.514,-1.243,0.37,47.532,,,,,,,,,,
332.29,252.95,241.88,-47.477,-1.189,0.49,47.493,,,,,,,,,,
312.29,252.95,241.88,-47.73,-1.368,0.49,47.752,,,,,,,,,,
292.29,252.95,241.88,-47.941,-1.521,0.473,47.966,,,,,,,,,,
272.29,252.95,241.88,-48.097,-1.643,0.451,48.127,,,,,,,,,,
252.29,252.95,241.88,-48.198,-1.787,0.431,48.234,,,,,,,,,,
232.29,252.95,241.88,-48.227,-1.925,0.414,48.267,,,,,,,,,,
212.29,252.95,241.88,-48.184,-2.071,0.385,48.23,,,,,,,,,,
192.29,252.95,241.88,-48.071,-2.206,0.343,48.123,,,,,,,,,,
172.29,252.95,241.88,-47.892,-2.33,0.331,47.949,,,,,,,,,,
152.29,252.95,241.88,-47.652,-2.472,0.31,47.718,,,,,,,,,,
132.29,252.95,241.88,-47.39,-2.641,0.349,47.465,,,,,,,,,,
132.29,272.95,241.88,-47.42,-2.546,0.438,47.49,,,,,,,,,,
152.29,272.95,241.88,-47.654,-2.446,0.415,47.72,,,,,,,,,,
172.29,272.95,241.88,-47.884,-2.34,0.409,47.941,,,,,,,,,,
192.29,272.95,241.88,-48.055,-2.203,0.42,48.108,,,,,,,,,,
212.29,272.95,241.88,-48.17,-2.074,0.441,48.215,,,,,,,,,,
232.29,272.95,241.88,-48.209,-1.941,0.461,48.25,,,,,,,,,,
252.29,272.95,241.88,-48.178,-1.794,0.476,48.215,,,,,,,,,,
272.29,272.95,241.88,-48.085,-1.665,0.509,48.114,,,,,,,,,,
292.29,272.95,241.88,-47.928,-1.535,0.54,47.955,,,,,,,,,,
312.29,272.95,241.88,-47.728,-1.37,0.588,47.751,,,,,,,,,,
332.29,272.95,241.88,-47.508,-1.2,0.595,47.527,,,,,,,,,,
312.29,292.95,241.88,-47.764,-1.43,0.684,47.793,,,,,,,,,,
292.29,292.95,241.88,-47.949,-1.558,0.608,47.979,,,,,,,,,,
272.29,292.95,241.88,-48.089,-1.686,0.554,48.123,,,,,,,,,,
252.29,292.95,241.88,-48.185,-1.805,0.533,48.222,,,,,,,,,,
232.29,292.95,241.88,-48.215,-1.944,0.507,48.255,,,,,,,,,,
212.29,292.95,241.88,-48.182,-2.059,0.479,48.23,,,,,,,,,,
192.29,292.95,241.88,-48.081,-2.203,0.476,48.134,,,,,,,,,,
172.29,292.95,241.88,-47.918,-2.321,0.481,47.975,,,,,,,,,,
152.29,292.95,241.88,-47.709,-2.424,0.503,47.775,,,,,,,,,,
152.29,312.95,241.88,-47.832,-2.375,0.464,47.893,,,,,,,,,,
172.29,312.95,241.88,-47.983,-2.316,0.516,48.042,,,,,,,,,,
192.29,312.95,241.88,-48.125,-2.194,0.534,48.177,,,,,,,,,,
212.29,312.95,241.88,-48.21,-2.059,0.535,48.259,,,,,,,,,,
232.29,312.95,241.88,-48.24,-1.935,0.541,48.281,,,,,,,,,,
252.29,312.95,241.88,-48.206,-1.826,0.576,48.244,,,,,,,,,,
272.29,312.95,241.88,-48.112,-1.7,0.621,48.146,,,,,,,,,,
292.29,312.95,241.88,-47.981,-1.596,0.645,48.011,,,,,,,,,,
312.29,312.95,241.88,-47.836,-1.542,0.677,47.864,,,,,,,,,,
272.29,332.95,241.88,-48.172,-1.745,0.686,48.208,,,,,,,,,,
252.29,332.95,241.88,-48.264,-1.871,0.599,48.301,,,,,,,,,,
232.29,332.95,241.88,-48.297,-1.943,0.549,48.341,,,,,,,,,,
212.29,332.95,241.88,-48.283,-2.029,0.567,48.329,,,,,,,,,,
192.29,332.95,241.88,-48.193,-2.163,0.621,48.249,,,,,,,,,,
212.29,332.95,261.88,-48.337,-2.081,0.655,48.388,,,,,,,,,,
232.29,332.95,261.88,-48.372,-1.928,0.653,48.415,,,,,,,,,,
252.29,332.95,261.88,-48.325,-1.79,0.682,48.364,,,,,,,,,,
292.29,312.95,261.88,-48.09,-1.437,0.676,48.117,,,,,,,,,,
272.29,312.95,261.88,-48.216,-1.584,0.631,48.247,,,,,,,,,,
252.29,312.95,261.88,-48.312,-1.757,0.611,48.348,,,,,,,,,,
232.29,312.95,261.88,-48.347,-1.936,0.58,48.389,,,,,,,,,,
212.29,312.95,261.88,-48.308,-2.114,0.578,48.359,,,,,,,,,,
192.29,312.95,261.88,-48.22,-2.298,0.575,48.278,,,,,,,,,,
172.29,312.95,261.88,-48.089,-2.471,0.582,48.156,,,,,,,,,,
152.29,292.95,261.88,-47.678,-2.682,0.619,47.758,,,,,,,,,,
172.29,292.95,261.88,-47.971,-2.514,0.554,48.039,,,,,,,,,,
192.29,292.95,261.88,-48.164,-2.326,0.522,48.22,,,,,,,,,,
212.29,292.95,261.88,-48.283,-2.135,0.518,48.333,,,,,,,,,,
232.29,292.95,261.88,-48.328,-1.937,0.518,48.37,,,,,,,,,,
252.29,292.95,261.88,-48.299,-1.744,0.532,48.332,,,,,,,,,,
272.29,292.95,261.88,-48.196,-1.555,0.582,48.225,,,,,,,,,,
292.29,292.95,261.88,-48.041,-1.377,0.642,48.065,,,,,,,,,,
312.29,292.95,261.88,-47.832,-1.206,0.75,47.854,,,,,,,,,,
312.29,272.95,261.88,-47.817,-1.162,0.602,47.834,,,,,,,,,,
292.29,272.95,261.88,-48.02,-1.353,0.553,48.041,,,,,,,,,,
272.29,272.95,261.88,-48.185,-1.516,0.508,48.212,,,,,,,,,,
252.29,272.95,261.88,-48.296,-1.727,0.474,48.329,,,,,,,,,,
232.29,272.95,261.88,-48.324,-1.921,0.468,48.362,,,,,,,,,,
212.29,272.95,261.88,-48.269,-2.141,0.439,48.319,,,,,,,,,,
192.29,272.95,261.88,-48.132,-2.352,0.43,48.19,,,,,,,,,,
172.29,272.95,261.88,-47.911,-2.554,0.425,47.982,,,,,,,,,,
152.29,272.95,261.88,-47.639,-2.694,0.449,47.717,,,,,,,,,,
132.29,252.95,261.88,-47.287,-2.908,0.317,47.377,,,,,,,,,,
152.29,252.95,261.88,-47.628,-2.729,0.282,47.705,,,,,,,,,,
172.29,252.95,261.88,-47.916,-2.553,0.295,47.985,,,,,,,,,,
192.29,252.95,261.88,-48.137,-2.359,0.326,48.197,,,,,,,,,,
212.29,252.95,261.88,-48.282,-2.133,0.35,48.33,,,,,,,,,,
232.29,252.95,261.88,-48.344,-1.92,0.383,48.384,,,,,,,,,,
252.29,252.95,261.88,-48.309,-1.712,0.398,48.342,,,,,,,,,,
272.29,252.95,261.88,-48.205,-1.505,0.426,48.229,,,,,,,,,,
292.29,252.95,261.88,-48.02,-1.322,0.463,48.041,,,,,,,,,,
312.29,252.95,261.88,-47.802,-1.128,0.472,47.818,,,,,,,,,,
332.29,252.95,261.88,-47.54,-0.908,0.49,47.552,,,,,,,,,,
332.29,232.95,261.88,-47.574,-0.976,0.323,47.586,,,,,,,,,,
312.29,232.95,261.88,-47.829,-1.143,0.329,47.843,,,,,,,,,,
292.29,232.95,261.88,-48.06,-1.335,0.336,48.079,,,,,,,,,,
272.29,232.95,261.88,-48.243,-1.507,0.332,48.266,,,,,,,,,,
252.29,232.95,261.88,-48.353,-1.707,0.322,48.383,,,,,,,,,,
232.29,232.95,261.88,-48.389,-1.912,0.288,48.429,,,,,,,,,,
212.29,232.95,261.88,-48.332,-2.134,0.261,48.38,,,,,,,,,,
192.29,232.95,261.88,-48.194,-2.332,0.218,48.252,,,,,,,,,,
172.29,232.95,261.88,-47.982,-2.527,0.159,48.05,,,,,,,,,,
152.29,232.95,261.88,-47.719,-2.716,0.094,47.798,,,,,,,,,,
132.29,232.95,261.88,-47.467,-2.869,0.035,47.555,,,,,,,,,,
132.29,212.95,261.88,-47.609,-2.839,-0.249,47.695,,,,,,,,,,
152.29,212.95,261.88,-47.879,-2.648,-0.102,47.952,,,,,,,,,,
172.29,212.95,261.88,-48.106,-2.479,0.016,48.17,,,,,,,,,,
192.29,212.95,261.88,-48.289,-2.298,0.094,48.344,,,,,,,,,,
212.29,212.95,261.88,-48.408,-2.105,0.163,48.454,,,,,,,,,,
232.29,212.95,261.88,-48.456,-1.911,0.205,48.495,,,,,,,,,,
252.29,212.95,261.88,-48.429,-1.71,0.227,48.459,,,,,,,,,,
272.29,212.95,261.88,-48.321,-1.527,0.231,48.347,,,,,,,,,,
292.29,212.95,261.88,-48.143,-1.352,0.206,48.164,,,,,,,,,,
312.29,212.95,261.88,-47.909,-1.183,0.173,47.924,,,,,,,,,,
332.29,212.95,261.88,-47.605,-0.972,0.115,47.616,,,,,,,,,,
312.29,192.95,261.88,-48.061,-1.267,0.037,48.08,,,,,,,,,,
292.29,192.95,261.88,-48.283,-1.418,0.108,48.305,,,,,,,,,,
272.29,192.95,261.88,-48.443,-1.577,0.146,48.467,,,,,,,,,,
252.29,192.95,261.88,-48.538,-1.741,0.157,48.57,,,,,,,,,,
232.29,192.95,261.88,-48.566,-1.917,0.142,48.606,,,,,,,,,,
212.29,192.95,261.88,-48.525,-2.08,0.097,48.569,,,,,,,,,,
192.29,192.95,261.88,-48.439,-2.239,0.015,48.491,,,,,,,,,,
172.29,192.95,261.88,-48.291,-2.396,-0.085,48.351,,,,,,,,,,
152.29,192.95,261.88,-48.112,-2.541,-0.209,48.18,,,,,,,,,,
152.29,172.95,261.88,-48.35,-2.432,-0.309,48.412,,,,,,,,,,
172.29,172.95,261.88,-48.507,-2.305,-0.122,48.563,,,,,,,,,,
192.29,172.95,261.88,-48.612,-2.186,-0.018,48.661,,,,,,,,,,
212.29,172.95,261.88,-48.683,-2.053,0.063,48.725,,,,,,,,,,
232.29,172.95,261.88,-48.703,-1.914,0.114,48.74,,,,,,,,,,
252.29,172.95,261.88,-48.675,-1.777,0.125,48.706,,,,,,,,,,
272.29,172.95,261.88,-48.594,-1.642,0.112,48.622,,,,,,,,,,
292.29,172.95,261.88,-48.471,-1.526,0.048,48.495,,,,,,,,,,
312.29,172.95,261.88,-48.278,-1.403,-0.087,48.299,,,,,,,,,,
292.29,152.95,261.88,-48.677,-1.631,0.121,48.705,,,,,,,,,,
272.29,152.95,261.88,-48.75,-1.711,0.131,48.782,,,,,,,,,,
252.29,152.95,261.88,-48.812,-1.806,0.15,48.846,,,,,,,,,,
232.29,152.95,261.88,-48.839,-1.91,0.141,48.876,,,,,,,,,,
212.29,152.95,261.88,-48.827,-2.013,0.108,48.868,,,,,,,,,,
192.29,152.95,261.88,-48.775,-2.129,0.027,48.822,,,,,,,,,,
172.29,152.95,261.88,-48.731,-2.219,-0.009,48.782,,,,,,,,,,
212.29,132.95,261.88,-48.941,-1.978,0.137,48.983,,,,,,,,,,
232.29,132.95,261.88,-48.956,-1.914,0.209,48.994,,,,,,,,,,
252.29,132.95,261.88,-48.93,-1.875,0.2,48.967,,,,,,,,,,
212.29,152.95,281.88,-49.065,-2.048,-0.02,49.107,,,,,,,,,,
232.29,152.95,281.88,-49.056,-1.906,0.025,49.094,,,,,,,,,,
252.29,152.95,281.88,-49.034,-1.773,0.031,49.066,,,,,,,,,,
272.29,152.95,281.88,-48.996,-1.648,0.002,49.025,,,,,,,,,,
292.29,172.95,281.88,-48.568,-1.345,-0.206,48.587,,,,,,,,,,
272.29,172.95,281.88,-48.74,-1.525,-0.085,48.766,,,,,,,,,,
252.29,172.95,281.88,-48.832,-1.712,-0.031,48.86,,,,,,,,,,
232.29,172.95,281.88,-48.868,-1.899,-0.042,48.908,,,,,,,,,,
212.29,172.95,281.88,-48.844,-2.08,-0.097,48.888,,,,,,,,,,
192.29,172.95,281.88,-48.754,-2.261,-0.214,48.807,,,,,,,,,,
172.29,172.95,281.88,-48.6,-2.436,-0.396,48.662,,,,,,,,,,
152.29,192.95,281.88,-48.25,-2.71,-0.428,48.329,,,,,,,,,,
172.29,192.95,281.88,-48.382,-2.571,-0.272,48.451,,,,,,,,,,
192.29,192.95,281.88,-48.543,-2.366,-0.135,48.601,,,,,,,,,,
212.29,192.95,281.88,-48.67,-2.146,-0.051,48.718,,,,,,,,,,
232.29,192.95,281.88,-48.709,-1.901,0.025,48.746,,,,,,,,,,
252.29,192.95,281.88,-48.677,-1.663,0.04,48.706,,,,,,,,,,
272.29,192.95,281.88,-48.568,-1.43,0.004,48.587,,,,,,,,,,
292.29,192.95,281.88,-48.381,-1.213,-0.063,48.397,,,,,,,,,,
312.29,192.95,281.88,-48.149,-1.022,-0.143,48.161,,,,,,,,,,
312.29,212.95,281.88,-47.907,-0.873,0.039,47.915,,,,,,,,,,
292.29,212.95,281.88,-48.222,-1.12,0.096,48.234,,,,,,,,,,
272.29,212.95,281.88,-48.449,-1.365,0.127,48.465,,,,,,,,,,
252.29,212.95,281.88,-48.571,-1.638,0.147,48.6,,,,,,,,,,
232.29,212.95,281.88,-48.609,-1.909,0.124,48.647,,,,,,,,,,
212.29,212.95,281.88,-48.541,-2.182,0.072,48.59,,,,,,,,,,
192.29,212.95,281.88,-48.378,-2.457,-0.013,48.44,,,,,,,,,,
172.29,212.95,281.88,-48.137,-2.695,-0.148,48.213,,,,,,,,,,
152.29,212.95,281.88,-47.807,-2.925,-0.318,47.898,,,,,,,,,,
152.29,232.95,281.88,-47.693,-2.997,-0.018,47.787,,,,,,,,,,
172.29,232.95,281.88,-48.003,-2.787,0.057,48.084,,,,,,,,,,
192.29,232.95,281.88,-48.278,-2.518,0.14,48.344,,,,,,,,,,
212.29,232.95,281.88,-48.472,-2.219,0.199,48.522,,,,,,,,,,
232.29,232.95,281.88,-48.551,-1.934,0.25,48.59,,,,,,,,,,
252.29,232.95,281.88,-48.516,-1.631,0.275,48.545,,,,,,,,,,
272.29,232.95,281.88,-48.379,-1.334,0.288,48.4,,,,,,,,,,
292.29,232.95,281.88,-48.145,-1.082,0.287,48.158,,,,,,,,,,
312.29,232.95,281.88,-47.866,-0.891,0.3,47.875,,,,,,,,,,
312.29,252.95,281.88,-47.838,-0.872,0.483,47.849,,,,,,,,,,
292.29,252.95,281.88,-48.119,-1.089,0.442,48.133,,,,,,,,,,
272.29,252.95,281.88,-48.347,-1.325,0.407,48.367,,,,,,,,,,
252.29,252.95,281.88,-48.498,-1.622,0.378,48.525,,,,,,,,,,
232.29,252.95,281.88,-48.528,-1.924,0.358,48.569,,,,,,,,,,
212.29,252.95,281.88,-48.436,-2.239,0.337,48.489,,,,,,,,,,
192.29,252.95,281.88,-48.228,-2.554,0.308,48.297,,,,,,,,,,
172.29,252.95,281.88,-47.928,-2.823,0.282,48.01,,,,,,,,,,
152.29,252.95,281.88,-47.516,-3.074,0.251,47.617,,,,,,,,,,
152.29,272.95,281.88,-47.667,-2.998,0.49,47.764,,,,,,,,,,
172.29,272.95,281.88,-47.965,-2.807,0.472,48.049,,,,,,,,,,
192.29,272.95,281.88,-48.24,-2.54,0.453,48.307,,,,,,,,,,
212.29,272.95,281.88,-48.426,-2.251,0.444,48.483,,,,,,,,,,
232.29,272.95,281.88,-48.508,-1.933,0.453,48.552,,,,,,,,,,
252.29,272.95,281.88,-48.479,-1.638,0.475,48.507,,,,,,,,,,
272.29,272.95,281.88,-48.343,-1.358,0.517,48.365,,,,,,,,,,
292.29,272.95,281.88,-48.14,-1.139,0.563,48.157,,,,,,,,,,
312.29,272.95,281.88,-47.926,-0.968,0.618,47.941,,,,,,,,,,
292.29,292.95,281.88,-48.118,-1.165,0.698,48.137,,,,,,,,,,
272.29,292.95,281.88,-48.339,-1.4,0.613,48.364,,,,,,,,,,
252.29,292.95,281.88,-48.466,-1.66,0.565,48.5,,,,,,,,,,
232.29,292.95,281.88,-48.499,-1.934,0.544,48.539,,,,,,,,,,
212.29,292.95,281.88,-48.436,-2.221,0.539,48.49,,,,,,,,,,
192.29,292.95,281.88,-48.271,-2.5,0.591,48.339,,,,,,,,,,
172.29,292.95,281.88,-47.987,-2.762,0.677,48.071,,,,,,,,,,
212.29,312.95,281.88,-48.508,-2.174,0.61,48.56,,,,,,,,,,
232.29,312.95,281.88,-48.53,-1.925,0.584,48.572,,,,,,,,,,
252.29,312.95,281.88,-48.496,-1.677,0.61,48.529,,,,,,,,,,
272.29,312.95,281.88,-48.404,-1.469,0.664,48.428,,,,,,,,,,
212.29,292.95,301.88,-48.561,-2.345,0.576,48.62,,,,,,,,,,
232.29,292.95,301.88,-48.682,-1.937,0.534,48.723,,,,,,,,,,
252.29,292.95,301.88,-48.627,-1.544,0.557,48.655,,,,,,,,,,
272.29,272.95,301.88,-48.628,-1.167,0.498,48.645,,,,,,,,,,
252.29,272.95,301.88,-48.789,-1.531,0.45,48.815,,,,,,,,,,
232.29,272.95,301.88,-48.82,-1.952,0.425,48.861,,,,,,,,,,
212.29,272.95,301.88,-48.71,-2.392,0.434,48.768,,,,,,,,,,
192.29,272.95,301.88,-48.451,-2.797,0.477,48.535,,,,,,,,,,
172.29,252.95,301.88,-47.793,-3.219,0.272,47.903,,,,,,,,,,
192.29,252.95,301.88,-48.321,-2.848,0.316,48.408,,,,,,,,,,
212.29,252.95,301.88,-48.67,-2.403,0.337,48.733,,,,,,,,,,
232.29,252.95,301.88,-48.811,-1.966,0.361,48.852,,,,,,,,,,
252.29,252.95,301.88,-48.776,-1.512,0.37,48.8,,,,,,,,,,
272.29,252.95,301.88,-48.556,-1.099,0.412,48.571,,,,,,,,,,
292.29,252.95,301.88,-48.175,-0.757,0.457,48.182,,,,,,,,,,
292.29,232.95,301.88,-48.279,-0.764,0.254,48.286,,,,,,,,,,
272.29,232.95,301.88,-48.587,-1.099,0.253,48.598,,,,,,,,,,
252.29,232.95,301.88,-48.781,-1.514,0.254,48.803,,,,,,,,,,
232.29,232.95,301.88,-48.812,-1.925,0.24,48.85,,,,,,,,,,
212.29,232.95,301.88,-48.694,-2.362,0.183,48.751,,,,,,,,,,
192.29,232.95,301.88,-48.408,-2.785,0.098,48.488,,,,,,,,,,
172.29,232.95,301.88,-48.055,-3.087,-0.014,48.155,,,,,,,,,,
172.29,212.95,301.88,-48.025,-3.009,-0.373,48.121,,,,,,,,,,
192.29,212.95,301.88,-48.446,-2.673,-0.157,48.518,,,,,,,,,,
212.29,212.95,301.88,-48.699,-2.305,0,48.753,,,,,,,,,,
232.29,212.95,301.88,-48.79,-1.917,0.072,48.83,,,,,,,,,,
252.29,212.95,301.88,-48.769,-1.532,0.087,48.793,,,,,,,,,,
272.29,212.95,301.88,-48.594,-1.147,0.039,48.61,,,,,,,,,,
292.29,212.95,301.88,-48.267,-0.752,-0.057,48.273,,,,,,,,,,
272.29,192.95,301.88,-48.759,-1.271,-0.103,48.772,,,,,,,,,,
252.29,192.95,301.88,-48.861,-1.575,-0.071,48.888,,,,,,,,,,
232.29,192.95,301.88,-48.896,-1.898,-0.082,48.931,,,,,,,,,,
212.29,192.95,301.88,-48.844,-2.217,-0.164,48.893,,,,,,,,,,
192.29,192.95,301.88,-48.725,-2.503,-0.301,48.79,,,,,,,,,,
212.29,172.95,301.88,-48.931,-2.141,-0.345,48.979,,,,,,,,,,
232.29,172.95,301.88,-48.988,-1.887,-0.259,49.024,,,,,,,,,,
252.29,172.95,301.88,-48.924,-1.629,-0.257,48.952,,,,,,,,,,
232.29,232.95,321.88,-49.371,-1.97,0.356,49.411,,,,,,,,,,
232.29,232.95,201.88,-48.17,-1.935,0.464,48.211,,,,,,,,,,
112.29,232.95,201.88,-46.86,-2.044,0.274,46.908,,,,,,,,,,
352.29,232.95,201.88,-46.886,-1.905,0.503,46.927,,,,,,,,,,
232.29,112.95,201.88,-48.6,-1.907,0.456,48.641,,,,,,,,,,
232.29,352.95,201.88,-48.142,-1.964,0.484,48.185,,,,,,,,,,
232.29,232.95,321.88,-49.372,-1.974,0.36,49.412,,,,,,,,,,
