# COSI2 B0 scan,,,,,,,,,,,,,,
# time 2024-08-22 14:57:51.915814,,,,,,,,,,,,,,
# MAGNET CENTER IN LAB: x 232.290 mm, y 232.950 mm, z 201.880 mm,,,,,,,,,,,,
# MAGNET AXES WRT LAB: alpha 0.00 deg, beta 0.00 deg, gamma 0.00 deg,,,,,,,,,,,,
# path: /home/cosi/cosi-measure/Software/COSI2/data/240820/240822_v21_every_second_point_R120_atmpt2,,,,,,,,,,,,,,
# X[mm],Y[mm],Z[mm],B0_x[mT],B0_y[mT],B0_z[mT],B0_abs[mT],,,,,,,,
232.29,232.95,81.88,-48.15,-1.995,0.41,48.184,,232.29,232.95,201.88,-48.76,-2.301,-0.32,48.819
212.29,292.95,101.88,-48.58,-1.981,0.39,48.55,,112.29,232.95,201.88,-48.86,-2.416,-0.32,48.884
232.29,292.95,101.88,-48.3,-2.04,0.61,48.346,,352.29,232.95,201.88,-48.96,-1.661,-0.16,48.99
252.29,292.95,101.88,-48.63,-2.193,0.74,48.688,,232.29,112.95,201.88,-48.36,-1.948,0.25,48.434
272.29,272.95,101.88,-48.57,-2.091,0.37,48.617,,232.29,352.95,201.88,-47.9,-1.994,0.32,47.944
252.29,272.95,101.88,-48.49,-2.022,0.33,48.53,,232.29,232.95,321.88,-47.79,-1.955,0.5,47.901
232.29,272.95,101.88,-48.44,-1.991,0.16,48.482,,232.29,232.95,81.88,-48.55,-1.972,0.46,48.591
212.29,272.95,101.88,-48.3,-2.29,0.15,48.358,,,,,,,,
192.29,272.95,101.88,-48.17,-2.47,0.32,48.233,,,,,0.609999999999999,,,
172.29,252.95,101.88,-48.15,-2.69,0.41,48.23,,,,,0.280000000000001,,,
192.29,252.95,101.88,-48.32,-2.633,0.4,48.389,,,,,0.660000000000004,,,
212.29,252.95,101.88,-48.47,-2.146,0.34,48.514,,,,,-0.270000000000003,,,
232.29,252.95,101.88,-48.44,-1.746,0.26,48.47,,,,,-0.670000000000002,,,
252.29,252.95,101.88,-48.25,-1.537,0.21,48.373,,,,,-0.700000000000003,,,
272.29,252.95,101.88,-48.22,-1.253,0.3,48.232,,,,,0.109999999999999,,,
292.29,252.95,101.88,-48.38,-1.294,0.38,48.396,,,,,,,,
292.29,232.95,101.88,-48.47,-1.664,0.48,48.444,,,,,,,,
272.29,232.95,101.88,-48.38,-1.913,0.54,48.457,,,,,,,,
252.29,232.95,101.88,-48.22,-2.4,0.58,48.281,,,,,,,,
232.29,232.95,101.88,-47.86,-2.809,0.6,47.947,,,,,,,,
212.29,232.95,101.88,-47.69,-2.948,0.73,47.785,,,,,,,,
192.29,232.95,101.88,-47.92,-2.994,0.91,48.021,,,,,,,,
172.29,232.95,101.88,-48.15,-2.896,0.83,48.243,,,,,,,,
172.29,212.95,101.88,-48.4,-2.564,0.76,48.427,,,,,,,,
192.29,212.95,101.88,-48.5,-2.346,0.71,48.558,,,,,,,,
212.29,212.95,101.88,-48.45,-1.902,0.63,48.494,,,,,,,,
232.29,212.95,101.88,-48.26,-1.419,0.57,48.284,,,,,,,,
252.29,212.95,101.88,-48.17,-1.245,0.61,48.19,,,,,,,,
272.29,212.95,101.88,-48.25,-1.143,0.87,48.18,,,,,,,,
292.29,212.95,101.88,-48.42,-1.255,0.87,48.444,,,,,,,,
272.29,192.95,101.88,-48.56,-1.69,0.88,48.55,,,,,,,,
252.29,192.95,101.88,-48.53,-1.932,0.9,48.576,,,,,,,,
232.29,192.95,101.88,-48.27,-2.512,1.05,48.347,,,,,,,,
212.29,192.95,101.88,-47.93,-2.825,1.19,48.028,,,,,,,,
192.29,192.95,101.88,-48.14,-2.876,1.34,48.248,,,,,,,,
212.29,172.95,101.88,-48.5,-2.657,1.25,48.556,,,,,,,,
232.29,172.95,101.88,-48.67,-2.499,1.16,48.695,,,,,,,,
252.29,172.95,101.88,-48.72,-2.049,1.07,48.779,,,,,,,,
212.29,152.95,121.88,-48.63,-1.735,1.12,48.678,,,,,,,,
232.29,152.95,121.88,-48.83,-1.642,1.15,48.798,,,,,,,,
252.29,152.95,121.88,-48.81,-2.177,1.32,48.904,,,,,,,,
272.29,152.95,121.88,-48.97,-2.242,1.23,49.032,,,,,,,,
292.29,172.95,121.88,-49.05,-2.029,0.98,49.088,,,,,,,,
272.29,172.95,121.88,-49.03,-1.952,0.9,49.073,,,,,,,,
252.29,172.95,121.88,-49,-2.072,0.98,49.056,,,,,,,,
232.29,172.95,121.88,-48.94,-2.21,1.1,49.025,,,,,,,,
212.29,172.95,121.88,-48.76,-2.306,1.27,48.826,,,,,,,,
192.29,172.95,121.88,-48.53,-2.508,1.26,48.533,,,,,,,,
172.29,172.95,121.88,-48.65,-2.492,1.16,48.73,,,,,,,,
152.29,192.95,121.88,-48.76,-2.243,1.06,48.797,,,,,,,,
172.29,192.95,121.88,-48.81,-2.124,0.99,48.862,,,,,,,,
192.29,192.95,121.88,-48.77,-1.784,0.97,48.813,,,,,,,,
212.29,192.95,121.88,-48.66,-1.59,1.04,48.746,,,,,,,,
232.29,192.95,121.88,-48.43,-1.461,0.98,48.459,,,,,,,,
252.29,192.95,121.88,-48.3,-1.273,0.94,48.273,,,,,,,,
272.29,192.95,121.88,-48.43,-1.309,0.92,48.456,,,,,,,,
292.29,192.95,121.88,-48.56,-1.586,0.9,48.555,,,,,,,,
312.29,192.95,121.88,-48.6,-1.734,0.89,48.636,,,,,,,,
312.29,212.95,121.88,-48.58,-1.883,0.93,48.633,,,,,,,,
292.29,212.95,121.88,-48.49,-2.175,1,48.549,,,,,,,,
272.29,212.95,121.88,-48.33,-2.446,1.12,48.4,,,,,,,,
252.29,212.95,121.88,-48.13,-2.68,1.2,48.258,,,,,,,,
232.29,212.95,121.88,-47.96,-2.801,1.27,48.056,,,,,,,,
212.29,212.95,121.88,-47.88,-2.888,1.07,47.897,,,,,,,,
192.29,212.95,121.88,-48.07,-2.833,0.99,48.165,,,,,,,,
172.29,212.95,121.88,-48.28,-2.678,0.93,48.307,,,,,,,,
152.29,212.95,121.88,-48.38,-2.394,0.85,48.448,,,,,,,,
152.29,232.95,121.88,-48.44,-2.24,0.79,48.499,,,,,,,,
172.29,232.95,121.88,-48.42,-1.911,0.75,48.46,,,,,,,,
192.29,232.95,121.88,-48.29,-1.581,0.75,48.318,,,,,,,,
212.29,232.95,121.88,-48.08,-1.424,0.76,48.169,,,,,,,,
232.29,232.95,121.88,-47.97,-1.182,0.66,47.991,,,,,,,,
252.29,232.95,121.88,-47.94,-1.119,0.55,47.956,,,,,,,,
272.29,232.95,121.88,-48.17,-1.213,0.54,48.185,,,,,,,,
292.29,232.95,121.88,-48.28,-1.382,0.57,48.305,,,,,,,,
312.29,232.95,121.88,-48.37,-1.763,0.62,48.382,,,,,,,,
312.29,252.95,121.88,-48.35,-1.942,0.66,48.388,,,,,,,,
292.29,252.95,121.88,-48.21,-2.291,0.73,48.272,,,,,,,,
272.29,252.95,121.88,-47.9,-2.664,0.81,47.982,,,,,,,,
252.29,252.95,121.88,-47.9,-2.664,0.81,47.982,,,,,,,,
232.29,252.95,121.88,-47.63,-2.868,0.8,47.772,,,,,,,,
212.29,252.95,121.88,-47.62,-2.931,0.61,47.717,,,,,,,,
192.29,252.95,121.88,-47.89,-2.799,0.6,47.902,,,,,,,,
172.29,252.95,121.88,-48.08,-2.672,0.59,48.155,,,,,,,,
152.29,252.95,121.88,-48.26,-2.387,0.55,48.276,,,,,,,,
152.29,272.95,121.88,-48.32,-2.224,0.51,48.371,,,,,,,,
172.29,272.95,121.88,-48.3,-1.872,0.45,48.34,,,,,,,,
192.29,272.95,121.88,-48.17,-1.56,0.4,48.249,,,,,,,,
212.29,272.95,121.88,-48.01,-1.379,0.33,48.035,,,,,,,,
232.29,272.95,121.88,-47.92,-1.104,0.25,47.915,,,,,,,,
252.29,272.95,121.88,-48,-1.093,0.13,48.015,,,,,,,,
272.29,272.95,121.88,-48.19,-1.204,0.19,48.148,,,,,,,,
292.29,272.95,121.88,-48.28,-1.507,0.28,48.307,,,,,,,,
312.29,272.95,121.88,-48.32,-1.675,0.34,48.342,,,,,,,,
292.29,292.95,121.88,-48.28,-2.012,0.38,48.324,,,,,,,,
272.29,292.95,121.88,-48.13,-2.331,0.41,48.228,,,,,,,,
252.29,292.95,121.88,-47.83,-2.585,0.43,47.969,,,,,,,,
232.29,292.95,121.88,-47.68,-2.756,0.46,47.766,,,,,,,,
212.29,292.95,121.88,-47.74,-2.812,0.42,47.775,,,,,,,,
192.29,292.95,121.88,-47.94,-2.789,0.21,48.024,,,,,,,,
172.29,292.95,121.88,-48.11,-2.677,0.24,48.183,,,,,,,,
212.29,312.95,121.88,-48.28,-2.413,0.26,48.34,,,,,,,,
232.29,312.95,121.88,-48.35,-2.129,0.25,48.393,,,,,,,,
252.29,312.95,121.88,-48.23,-1.578,0.05,48.312,,,,,,,,
272.29,312.95,121.88,-48.28,-1.539,0.05,48.299,,,,,,,,
212.29,332.95,141.88,-48.4,-1.691,0.11,48.41,,,,,,,,
232.29,332.95,141.88,-48.42,-1.833,0.18,48.456,,,,,,,,
252.29,332.95,141.88,-48.27,-2.405,0.22,48.31,,,,,,,,
292.29,312.95,141.88,-48.32,-2.309,0.2,48.376,,,,,,,,
272.29,312.95,141.88,-48.36,-2.079,0.16,48.401,,,,,,,,
252.29,312.95,141.88,-48.33,-2.1,0.18,48.378,,,,,,,,
232.29,312.95,141.88,-48.17,-2.249,0.17,48.278,,,,,,,,
212.29,312.95,141.88,-48.05,-2.351,0.26,48.109,,,,,,,,
192.29,312.95,141.88,-48.02,-2.424,0.28,48.031,,,,,,,,
172.29,312.95,141.88,-48.14,-2.428,0.26,48.199,,,,,,,,
152.29,292.95,141.88,-48.23,-2.334,0.25,48.283,,,,,,,,
172.29,292.95,141.88,-48.29,-2.138,0.23,48.34,,,,,,,,
192.29,292.95,141.88,-48.27,-1.855,0.18,48.302,,,,,,,,
212.29,292.95,141.88,-48.16,-1.697,0.16,48.238,,,,,,,,
232.29,292.95,141.88,-48.04,-1.61,0.08,48.067,,,,,,,,
252.29,292.95,141.88,-47.99,-1.523,0.03,47.938,,,,,,,,
272.29,292.95,141.88,-48.13,-1.509,0.17,48.149,,,,,,,,
292.29,292.95,141.88,-48.2,-1.626,0.23,48.23,,,,,,,,
312.29,292.95,141.88,-48.25,-1.847,0.27,48.285,,,,,,,,
312.29,272.95,141.88,-48.23,-1.958,0.3,48.273,,,,,,,,
292.29,272.95,141.88,-48.14,-2.202,0.33,48.187,,,,,,,,
272.29,272.95,141.88,-47.96,-2.38,0.33,48.079,,,,,,,,
252.29,272.95,141.88,-47.8,-2.478,0.31,47.863,,,,,,,,
232.29,272.95,141.88,-47.61,-2.651,0.38,47.682,,,,,,,,
212.29,272.95,141.88,-47.63,-2.688,0.46,47.704,,,,,,,,
192.29,272.95,141.88,-47.89,-2.58,0.45,47.886,,,,,,,,
172.29,272.95,141.88,-48.02,-2.476,0.44,48.089,,,,,,,,
152.29,272.95,141.88,-48.17,-2.269,0.41,48.185,,,,,,,,
132.29,252.95,141.88,-48.22,-2.159,0.38,48.272,,,,,,,,
152.29,252.95,141.88,-48.2,-1.922,0.34,48.251,,,,,,,,
172.29,252.95,141.88,-48.05,-1.606,0.28,48.116,,,,,,,,
192.29,252.95,141.88,-47.89,-1.509,0.19,47.917,,,,,,,,
212.29,252.95,141.88,-47.66,-1.251,0.2,47.757,,,,,,,,
232.29,252.95,141.88,-47.59,-1.148,0.26,47.605,,,,,,,,
252.29,252.95,141.88,-47.9,-1.242,0.31,47.838,,,,,,,,
272.29,252.95,141.88,-48.05,-1.399,0.37,48.073,,,,,,,,
292.29,252.95,141.88,-48.19,-1.535,0.42,48.194,,,,,,,,
312.29,252.95,141.88,-48.24,-1.797,0.46,48.27,,,,,,,,
332.29,252.95,141.88,-48.2,-1.918,0.49,48.262,,,,,,,,
332.29,232.95,141.88,-48.13,-2.162,0.54,48.178,,,,,,,,
312.29,232.95,141.88,-47.94,-2.388,0.57,48,,,,,,,,
292.29,232.95,141.88,-47.68,-2.491,0.59,47.842,,,,,,,,
272.29,232.95,141.88,-47.47,-2.689,0.59,47.547,,,,,,,,
252.29,232.95,141.88,-47.34,-2.907,0.72,47.433,,,,,,,,
232.29,232.95,141.88,-47.56,-2.929,0.76,47.552,,,,,,,,
212.29,232.95,141.88,-47.56,-2.88,0.77,47.651,,,,,,,,
192.29,232.95,141.88,-48.01,-2.535,0.71,0,,,,,,,,
172.29,232.95,141.88,0,0,0,0,,,,,,,,
152.29,232.95,141.88,-48.23,-2.307,0.63,48.208,,,,,,,,
132.29,232.95,141.88,-48.27,-2.049,0.57,48.314,,,,,,,,
132.29,212.95,141.88,-48.27,-1.958,0.55,48.314,,,,,,,,
152.29,212.95,141.88,-48.16,-1.832,0.52,48.199,,,,,,,,
172.29,212.95,141.88,-47.99,-1.517,0.49,48.015,,,,,,,,
192.29,212.95,141.88,-47.64,-1.275,0.49,47.748,,,,,,,,
212.29,212.95,141.88,-47.69,-1.108,0.6,47.702,,,,,,,,
232.29,212.95,141.88,-47.83,-1.12,0.6,47.702,,,,,,,,
252.29,212.95,141.88,-48.01,-1.217,0.63,48.033,,,,,,,,
272.29,212.95,141.88,-48.26,-1.59,0.63,48.243,,,,,,,,
292.29,212.95,141.88,-48.26,-1.59,0.63,48.285,,,,,,,,
312.29,212.95,141.88,-48.37,-1.708,0.66,48.39,,,,,,,,
332.29,212.95,141.88,-48.36,-1.965,0.71,48.409,,,,,,,,
312.29,192.95,141.88,-48.29,-2.078,0.75,48.342,,,,,,,,
292.29,192.95,141.88,-48.14,-2.306,0.81,48.197,,,,,,,,
272.29,192.95,141.88,-47.81,-2.624,0.92,47.894,,,,,,,,
252.29,192.95,141.88,-47.45,-2.744,0.97,47.663,,,,,,,,
232.29,192.95,141.88,-47.73,-2.921,1.06,47.831,,,,,,,,
212.29,192.95,141.88,-48.06,-2.832,1.07,48.063,,,,,,,,
192.29,192.95,141.88,-48.23,-2.552,0.95,48.303,,,,,,,,
172.29,192.95,141.88,-48.35,-2.439,0.89,48.419,,,,,,,,
152.29,192.95,141.88,-48.46,-2.237,0.8,48.449,,,,,,,,
152.29,172.95,141.88,-48.49,-2.137,0.76,48.542,,,,,,,,
172.29,172.95,141.88,-48.48,-1.903,0.73,48.518,,,,,,,,
192.29,172.95,141.88,-48.37,-1.712,0.73,48.451,,,,,,,,
212.29,172.95,141.88,-48.26,-1.602,0.73,48.293,,,,,,,,
232.29,172.95,141.88,-48.24,-1.441,0.77,48.227,,,,,,,,
252.29,172.95,141.88,-48.39,-1.438,0.83,48.416,,,,,,,,
272.29,172.95,141.88,-48.54,-1.58,0.76,48.525,,,,,,,,
292.29,172.95,141.88,-48.62,-1.678,0.76,48.656,,,,,,,,
312.29,172.95,141.88,-48.67,-1.86,0.77,48.682,,,,,,,,
292.29,152.95,141.88,-48.65,-1.95,0.81,48.692,,,,,,,,
272.29,152.95,141.88,-48.59,-2.13,0.87,48.667,,,,,,,,
252.29,152.95,141.88,-48.41,-2.34,1.02,48.522,,,,,,,,
232.29,152.95,141.88,-48.23,-2.414,1.17,48.308,,,,,,,,
212.29,152.95,141.88,-48.49,-2.441,1.09,48.428,,,,,,,,
192.29,152.95,141.88,-48.66,-2.366,0.95,48.723,,,,,,,,
172.29,152.95,141.88,-48.75,-2.231,0.9,48.793,,,,,,,,
212.29,132.95,141.88,-48.8,-2.166,0.81,48.856,,,,,,,,
232.29,132.95,141.88,-48.84,-2.018,0.75,48.879,,,,,,,,
252.29,132.95,141.88,-48.73,-1.731,0.71,48.763,,,,,,,,
272.29,132.95,161.88,-48.76,-1.704,0.68,48.793,,,,,,,,
252.29,132.95,161.88,-48.9,-1.767,0.7,48.938,,,,,,,,
232.29,132.95,161.88,-48.99,-1.946,0.7,49.029,,,,,,,,
212.29,132.95,161.88,-48.95,-1.982,0.77,49.02,,,,,,,,
192.29,132.95,161.88,-48.84,-2.058,0.76,48.893,,,,,,,,
152.29,152.95,161.88,-48.81,-2.08,0.73,48.831,,,,,,,,
172.29,152.95,161.88,-48.83,-2.052,0.61,48.878,,,,,,,,
192.29,152.95,161.88,-48.81,-1.915,0.55,48.85,,,,,,,,
212.29,152.95,161.88,-48.67,-1.831,0.57,48.773,,,,,,,,
232.29,152.95,161.88,-48.54,-1.76,0.51,48.572,,,,,,,,
252.29,152.95,161.88,-48.47,-1.689,0.52,48.468,,,,,,,,
272.29,152.95,161.88,-48.56,-1.709,0.56,48.596,,,,,,,,
292.29,152.95,161.88,-48.67,-1.815,0.58,48.68,,,,,,,,
312.29,152.95,161.88,-48.69,-1.874,0.6,48.73,,,,,,,,
312.29,172.95,161.88,-48.7,-1.929,0.63,48.737,,,,,,,,
292.29,172.95,161.88,-48.66,-2.027,0.69,48.706,,,,,,,,
272.29,172.95,161.88,-48.56,-2.127,0.76,48.615,,,,,,,,
252.29,172.95,161.88,-48.45,-2.192,0.79,48.534,,,,,,,,
232.29,172.95,161.88,-48.35,-2.205,0.91,48.406,,,,,,,,
212.29,172.95,161.88,-48.24,-2.242,0.92,48.237,,,,,,,,
192.29,172.95,161.88,-48.36,-2.28,0.8,48.422,,,,,,,,
172.29,172.95,161.88,-48.48,-2.227,0.75,48.507,,,,,,,,
152.29,172.95,161.88,0,0,0,0,,,,,,,,
132.29,192.95,161.88,-48.56,-2.025,0.65,48.594,,,,,,,,
152.29,192.95,161.88,-48.54,-1.97,0.6,48.587,,,,,,,,
172.29,192.95,161.88,-48.43,-1.784,0.58,48.462,,,,,,,,
192.29,192.95,161.88,-48.19,-1.638,0.61,48.221,,,,,,,,
212.29,192.95,161.88,0,0,0,0,,,,,,,,
232.29,192.95,161.88,-47.89,-1.54,0.57,47.922,,,,,,,,
252.29,192.95,161.88,-48.07,-1.535,0.57,48.095,,,,,,,,
272.29,192.95,161.88,-48.26,-1.648,0.56,48.294,,,,,,,,
292.29,192.95,161.88,-48.4,-1.793,0.58,48.408,,,,,,,,
312.29,192.95,161.88,-48.4,-1.842,0.6,48.408,,,,,,,,
332.29,192.95,161.88,-48.42,-1.909,0.63,48.46,,,,,,,,
332.29,212.95,161.88,-48.36,-2.078,0.7,48.42,,,,,,,,
312.29,212.95,161.88,-48.27,-2.143,0.75,48.325,,,,,,,,
292.29,212.95,161.88,-48.07,-2.259,0.81,48.133,,,,,,,,
272.29,212.95,161.88,-47.79,-2.413,0.93,47.861,,,,,,,,
252.29,212.95,161.88,-47.53,-2.491,0.97,47.697,,,,,,,,
232.29,212.95,161.88,-47.58,-2.59,0.83,47.611,,,,,,,,
212.29,212.95,161.88,-47.8,-2.549,0.77,47.872,,,,,,,,
192.29,212.95,161.88,-48.05,-2.362,0.72,48.048,,,,,,,,
172.29,212.95,161.88,-48.18,-2.283,0.67,48.237,,,,,,,,
152.29,212.95,161.88,-48.28,-2.206,0.63,48.31,,,,,,,,
132.29,212.95,161.88,-48.31,-2.051,0.59,48.357,,,,,,,,
132.29,232.95,161.88,-48.28,-1.977,0.55,48.325,,,,,,,,
152.29,232.95,161.88,-48.2,-1.829,0.52,48.232,,,,,,,,
172.29,232.95,161.88,-48.01,-1.669,0.51,48.044,,,,,,,,
192.29,232.95,161.88,-47.74,-1.518,0.51,47.859,,,,,,,,
212.29,232.95,161.88,-47.6,-1.44,0.47,47.62,,,,,,,,
232.29,232.95,161.88,-47.64,-1.388,0.41,47.551,,,,,,,,
252.29,232.95,161.88,-47.85,-1.438,0.42,47.875,,,,,,,,
272.29,232.95,161.88,-48.03,-1.546,0.44,48.052,,,,,,,,
292.29,232.95,161.88,-48.17,-1.739,0.48,48.203,,,,,,,,
312.29,232.95,161.88,-48.22,-1.822,0.49,48.253,,,,,,,,
332.29,232.95,161.88,-48.22,-1.996,0.55,48.276,,,,,,,,
332.29,252.95,161.88,-48.15,-2.07,0.58,48.198,,,,,,,,
312.29,252.95,161.88,-48,-2.214,0.62,48.054,,,,,,,,
292.29,252.95,161.88,-47.76,-2.345,0.66,47.908,,,,,,,,
272.29,252.95,161.88,-47.54,-2.432,0.68,47.611,,,,,,,,
252.29,252.95,161.88,-47.31,-2.585,0.63,47.514,,,,,,,,
232.29,252.95,161.88,-47.32,-2.605,0.57,47.4,,,,,,,,
212.29,252.95,161.88,-47.65,-2.503,0.57,47.633,,,,,,,,
192.29,252.95,161.88,-47.85,-2.417,0.56,47.916,,,,,,,,
172.29,252.95,161.88,-48.04,-2.266,0.53,48.047,,,,,,,,
152.29,252.95,161.88,-48.13,-2.194,0.5,48.182,,,,,,,,
132.29,252.95,161.88,-48.18,-2.041,0.47,48.231,,,,,,,,
132.29,272.95,161.88,-48.16,-1.962,0.43,48.199,,,,,,,,
152.29,272.95,161.88,-48.04,-1.805,0.37,48.122,,,,,,,,
172.29,272.95,161.88,-47.85,-1.723,0.35,47.952,,,,,,,,
192.29,272.95,161.88,-47.63,-1.559,0.29,47.659,,,,,,,,
212.29,272.95,161.88,-47.45,-1.396,0.23,47.475,,,,,,,,
232.29,272.95,161.88,-47.54,-1.393,0.17,47.56,,,,,,,,
252.29,272.95,161.88,-47.84,-1.54,0.25,47.789,,,,,,,,
272.29,272.95,161.88,-47.99,-1.631,0.28,48.022,,,,,,,,
292.29,272.95,161.88,-48.13,-1.799,0.35,48.163,,,,,,,,
312.29,272.95,161.88,-48.17,-1.936,0.39,48.206,,,,,,,,
332.29,272.95,161.88,-48.17,-1.936,0.39,48.206,,,,,,,,
312.29,292.95,161.88,-48.07,-2.102,0.44,48.154,,,,,,,,
292.29,292.95,161.88,-47.9,-2.19,0.45,48.009,,,,,,,,
272.29,292.95,161.88,-47.65,-2.371,0.48,47.712,,,,,,,,
252.29,292.95,161.88,-47.3,-2.488,0.52,47.366,,,,,,,,
232.29,292.95,161.88,-47.39,-2.534,0.46,47.457,,,,,,,,
212.29,292.95,161.88,-47.69,-2.5,0.39,47.55,,,,,,,,
192.29,292.95,161.88,-47.86,-2.417,0.39,47.926,,,,,,,,
172.29,292.95,161.88,-48.05,-2.257,0.39,48.058,,,,,,,,
152.29,292.95,161.88,-48.12,-2.195,0.37,48.175,,,,,,,,
152.29,312.95,161.88,-48.18,-2.06,0.33,48.215,,,,,,,,
172.29,312.95,161.88,-48.16,-1.992,0.3,48.201,,,,,,,,
192.29,312.95,161.88,-48.07,-1.849,0.24,48.101,,,,,,,,
212.29,312.95,161.88,-47.91,-1.717,0.19,47.998,,,,,,,,
232.29,312.95,161.88,-47.83,-1.664,0.13,47.859,,,,,,,,
252.29,312.95,161.88,-47.95,-1.666,0.2,47.924,,,,,,,,
272.29,312.95,161.88,-48.08,-1.707,0.21,48.107,,,,,,,,
292.29,312.95,161.88,-48.18,-1.83,0.23,48.196,,,,,,,,
312.29,312.95,161.88,-48.21,-1.901,0.28,48.253,,,,,,,,
272.29,332.95,161.88,-48.2,-1.968,0.3,48.255,,,,,,,,
252.29,332.95,161.88,-48.14,-2.096,0.32,48.19,,,,,,,,
232.29,332.95,161.88,-47.79,-2.346,0.4,47.853,,,,,,,,
212.29,332.95,161.88,-47.82,-2.378,0.4,47.798,,,,,,,,
192.29,332.95,161.88,-47.98,-2.372,0.29,48.039,,,,,,,,
172.29,332.95,181.88,-48.2,-2.253,0.25,48.21,,,,,,,,
192.29,332.95,181.88,-48.27,-2.166,0.3,48.318,,,,,,,,
212.29,332.95,181.88,-48.31,-2.024,0.28,48.349,,,,,,,,
232.29,332.95,181.88,-48.25,-1.945,0.18,48.289,,,,,,,,
252.29,332.95,181.88,-48.16,-1.901,0.19,48.199,,,,,,,,
272.29,332.95,181.88,-48.11,-1.884,0.25,48.147,,,,,,,,
292.29,332.95,181.88,-48.21,-1.981,0.33,48.247,,,,,,,,
312.29,312.95,181.88,-48.22,-1.981,0.33,48.256,,,,,,,,
292.29,312.95,181.88,-48.21,-2.015,0.37,48.267,,,,,,,,
272.29,312.95,181.88,-48.15,-2.058,0.37,48.193,,,,,,,,
252.29,312.95,181.88,-47.99,-2.136,0.36,48.096,,,,,,,,
232.29,312.95,181.88,-47.82,-2.177,0.44,47.871,,,,,,,,
212.29,312.95,181.88,-47.75,-2.184,0.46,47.713,,,,,,,,
192.29,312.95,181.88,-47.92,-2.167,0.42,47.969,,,,,,,,
172.29,312.95,181.88,-48.08,-2.114,0.4,48.085,,,,,,,,
152.29,312.95,181.88,-48.15,-2.08,0.38,48.198,,,,,,,,
132.29,292.95,181.88,-48.18,-2.023,0.36,48.226,,,,,,,,
152.29,292.95,181.88,-48.16,-1.997,0.33,48.197,,,,,,,,
172.29,292.95,181.88,-48.02,-1.914,0.27,48.057,,,,,,,,
192.29,292.95,181.88,-47.81,-1.867,0.26,47.907,,,,,,,,
212.29,292.95,181.88,-47.67,-1.849,0.19,47.705,,,,,,,,
232.29,292.95,181.88,-47.59,-1.8,0.15,47.54,,,,,,,,
252.29,292.95,181.88,-47.79,-1.797,0.24,47.821,,,,,,,,
272.29,292.95,181.88,-47.99,-1.838,0.28,47.978,,,,,,,,
292.29,292.95,181.88,-48.08,-1.9,0.31,48.122,,,,,,,,
312.29,292.95,181.88,-48.14,-1.93,0.35,48.177,,,,,,,,
332.29,292.95,181.88,-48.13,-1.997,0.38,48.175,,,,,,,,
332.29,272.95,181.88,-48.08,-2.028,0.4,48.127,,,,,,,,
312.29,272.95,181.88,-47.95,-2.094,0.43,47.996,,,,,,,,
292.29,272.95,181.88,-47.73,-2.141,0.45,47.852,,,,,,,,
272.29,272.95,181.88,-47.4,-2.168,0.46,47.569,,,,,,,,
252.29,272.95,181.88,-47.25,-2.221,0.5,47.301,,,,,,,,
232.29,272.95,181.88,-47.28,-2.229,0.52,47.336,,,,,,,,
212.29,272.95,181.88,-47.65,-2.195,0.49,47.703,,,,,,,,
192.29,272.95,181.88,-47.84,-2.168,0.48,47.887,,,,,,,,
172.29,272.95,181.88,-48.01,-2.106,0.45,48.007,,,,,,,,
152.29,272.95,181.88,-48.1,-2.078,0.44,48.146,,,,,,,,
132.29,272.95,181.88,-48.13,-2.019,0.39,48.167,,,,,,,,
132.29,252.95,181.88,-48.11,-1.983,0.37,48.15,,,,,,,,
152.29,252.95,181.88,-47.99,-1.911,0.33,48.082,,,,,,,,
172.29,252.95,181.88,-47.79,-1.844,0.3,47.899,,,,,,,,
192.29,252.95,181.88,-47.59,-1.802,0.24,47.623,,,,,,,,
212.29,252.95,181.88,-47.4,-1.728,0.24,47.452,,,,,,,,
232.29,252.95,181.88,-47.46,-1.708,0.27,47.49,,,,,,,,
252.29,252.95,181.88,-47.78,-1.757,0.3,47.732,,,,,,,,
272.29,252.95,181.88,-47.95,-1.806,0.34,47.984,,,,,,,,
292.29,252.95,181.88,-48.08,-1.886,0.39,48.12,,,,,,,,
312.29,252.95,181.88,-48.14,-1.921,0.42,48.176,,,,,,,,
332.29,252.95,181.88,-48.14,-2.001,0.45,48.183,,,,,,,,
332.29,232.95,181.88,-48.03,-2.061,0.48,48.08,,,,,,,,
312.29,232.95,181.88,-47.92,-2.09,0.51,47.969,,,,,,,,
292.29,232.95,181.88,-47.76,-2.124,0.52,47.813,,,,,,,,
272.29,232.95,181.88,-47.44,-2.187,0.54,47.492,,,,,,,,
252.29,232.95,181.88,-47.29,-2.217,0.53,47.326,,,,,,,,
232.29,232.95,181.88,-47.54,-2.265,0.59,47.48,,,,,,,,
212.29,232.95,181.88,-47.54,-2.265,0.59,47.597,,,,,,,,
192.29,232.95,181.88,-47.93,-2.181,0.55,47.98,,,,,,,,
172.29,232.95,181.88,-48.1,-2.131,0.52,48.111,,,,,,,,
152.29,232.95,181.88,-48.17,-2.059,0.5,48.15,,,,,,,,
132.29,232.95,181.88,-48.19,-2.027,0.46,48.238,,,,,,,,
132.29,212.95,181.88,-48.16,-1.952,0.43,48.22,,,,,,,,
152.29,212.95,181.88,-48.09,-1.912,0.4,48.13,,,,,,,,
172.29,212.95,181.88,-47.81,-1.805,0.35,47.842,,,,,,,,
192.29,212.95,181.88,-47.57,-1.769,0.33,47.842,,,,,,,,
212.29,212.95,181.88,-47.46,-1.732,0.34,47.49,,,,,,,,
232.29,212.95,181.88,-47.65,-1.693,0.36,47.578,,,,,,,,
252.29,212.95,181.88,-47.89,-1.723,0.38,47.918,,,,,,,,
272.29,212.95,181.88,-48.1,-1.82,0.41,48.073,,,,,,,,
292.29,212.95,181.88,-48.2,-1.86,0.42,48.233,,,,,,,,
312.29,212.95,181.88,-48.28,-1.933,0.46,48.298,,,,,,,,
332.29,212.95,181.88,-48.27,-1.966,0.5,48.317,,,,,,,,
332.29,192.95,181.88,-48.2,-2.002,0.53,48.275,,,,,,,,
312.29,192.95,181.88,-48.11,-2.073,0.58,48.153,,,,,,,,
292.29,192.95,181.88,-47.89,-2.143,0.61,47.939,,,,,,,,
272.29,192.95,181.88,-47.58,-2.227,0.64,47.748,,,,,,,,
252.29,192.95,181.88,-47.52,-2.27,0.69,47.582,,,,,,,,
232.29,192.95,181.88,-47.79,-2.278,0.74,47.744,,,,,,,,
212.29,192.95,181.88,-47.98,-2.221,0.65,48.035,,,,,,,,
192.29,192.95,181.88,-48.19,-2.176,0.62,48.174,,,,,,,,
172.29,192.95,181.88,-48.28,-2.103,0.57,48.332,,,,,,,,
152.29,192.95,181.88,-48.36,-2.068,0.54,48.403,,,,,,,,
132.29,192.95,181.88,-48.39,-2.001,0.5,48.41,,,,,,,,
132.29,172.95,181.88,-48.36,-1.967,0.46,48.405,,,,,,,,
152.29,172.95,181.88,-48.27,-1.897,0.44,48.31,,,,,,,,
172.29,172.95,181.88,-48.08,-1.836,0.41,48.187,,,,,,,,
192.29,172.95,181.88,-47.9,-1.797,0.39,47.938,,,,,,,,
212.29,172.95,181.88,-47.8,-1.725,0.39,47.833,,,,,,,,
232.29,172.95,181.88,-47.96,-1.72,0.44,47.994,,,,,,,,
252.29,172.95,181.88,-48.21,-1.786,0.42,48.176,,,,,,,,
272.29,172.95,181.88,-48.33,-1.822,0.43,48.365,,,,,,,,
292.29,172.95,181.88,-48.46,-1.88,0.45,48.457,,,,,,,,
312.29,172.95,181.88,-48.49,-1.911,0.49,48.53,,,,,,,,
332.29,172.95,181.88,-48.49,-1.973,0.51,48.537,,,,,,,,
312.29,152.95,181.88,-48.46,-2.004,0.55,48.5,,,,,,,,
292.29,152.95,181.88,-48.36,-2.058,0.61,48.436,,,,,,,,
272.29,152.95,181.88,-48.14,-2.128,0.67,48.246,,,,,,,,
252.29,152.95,181.88,-47.99,-2.156,0.79,48.047,,,,,,,,
232.29,152.95,181.88,-48.23,-2.149,0.78,48.176,,,,,,,,
212.29,152.95,181.88,-48.36,-2.115,0.65,48.412,,,,,,,,
192.29,152.95,181.88,-48.47,-2.094,0.61,48.499,,,,,,,,
172.29,152.95,181.88,-48.56,-2.066,0.58,48.608,,,,,,,,
152.29,152.95,181.88,-48.6,-2.038,0.54,48.644,,,,,,,,
172.29,132.95,181.88,-48.62,-1.987,0.49,48.658,,,,,,,,
192.29,132.95,181.88,-48.59,-1.939,0.47,48.653,,,,,,,,
212.29,132.95,181.88,-48.45,-1.884,0.42,48.536,,,,,,,,
232.29,132.95,181.88,-48.35,-1.839,0.36,48.381,,,,,,,,
252.29,132.95,181.88,-48.49,-1.821,0.37,48.466,,,,,,,,
272.29,132.95,181.88,-48.62,-1.827,0.43,48.658,,,,,,,,
292.29,132.95,181.88,-48.69,-1.905,0.42,48.724,,,,,,,,
232.29,112.95,201.88,-48.71,-1.934,0.43,48.75,,,,,,,,
292.29,132.95,201.88,-48.72,-1.959,0.45,48.754,,,,,,,,
272.29,132.95,201.88,-48.68,-2.079,0.59,48.727,,,,,,,,
252.29,132.95,201.88,-48.66,-1.956,0.43,48.692,,,,,,,,
232.29,132.95,201.88,-48.68,-1.962,0.45,48.723,,,,,,,,
212.29,132.95,201.88,-48.64,-1.972,0.48,48.684,,,,,,,,
192.29,132.95,201.88,-48.58,-1.976,0.49,48.624,,,,,,,,
172.29,132.95,201.88,-48.65,-1.982,0.46,48.694,,,,,,,,
152.29,152.95,201.88,-48.67,-1.973,0.43,48.71,,,,,,,,
172.29,152.95,201.88,-48.68,-1.959,0.4,48.718,,,,,,,,
192.29,152.95,201.88,-48.65,-1.945,0.34,48.702,,,,,,,,
212.29,152.95,201.88,-48.6,-1.945,0.32,48.643,,,,,,,,
232.29,152.95,201.88,-48.4,-1.953,0.28,48.439,,,,,,,,
252.29,152.95,201.88,-48.31,-1.959,0.26,48.354,,,,,,,,
272.29,152.95,201.88,-48.47,-1.961,0.31,48.464,,,,,,,,
292.29,152.95,201.88,-48.55,-1.961,0.34,48.588,,,,,,,,
312.29,152.95,201.88,-48.59,-1.958,0.38,48.62,,,,,,,,
332.29,172.95,201.88,-48.6,-1.957,0.41,48.638,,,,,,,,
312.29,172.95,201.88,-48.57,-1.965,0.45,48.616,,,,,,,,
292.29,172.95,201.88,-48.44,-1.975,0.48,48.521,,,,,,,,
272.29,172.95,201.88,-48.33,-1.98,0.5,48.377,,,,,,,,
252.29,172.95,201.88,-48.11,-1.987,0.52,48.244,,,,,,,,
232.29,172.95,201.88,-47.97,-1.989,0.52,48.013,,,,,,,,
212.29,172.95,201.88,-48.19,-1.981,0.5,48.163,,,,,,,,
192.29,172.95,201.88,-48.3,-1.977,0.47,48.342,,,,,,,,
172.29,172.95,201.88,-48.43,-1.969,0.47,48.431,,,,,,,,
152.29,172.95,201.88,-48.47,-1.966,0.44,48.512,,,,,,,,
132.29,172.95,201.88,-48.49,-1.965,0.4,48.524,,,,,,,,
132.29,192.95,201.88,-48.46,-1.962,0.36,48.506,,,,,,,,
152.29,192.95,201.88,-48.36,-1.961,0.33,48.443,,,,,,,,
172.29,192.95,201.88,-48.19,-1.96,0.28,48.304,,,,,,,,
192.29,192.95,201.88,-48.04,-1.975,0.24,48.077,,,,,,,,
212.29,192.95,201.88,-47.77,-1.986,0.2,47.891,,,,,,,,
232.29,192.95,201.88,-47.76,-1.998,0.22,47.797,,,,,,,,
252.29,192.95,201.88,-48.05,-1.993,0.26,48.016,,,,,,,,
272.29,192.95,201.88,-48.19,-1.98,0.31,48.232,,,,,,,,
292.29,192.95,201.88,-48.29,-1.975,0.33,48.332,,,,,,,,
312.29,192.95,201.88,-48.36,-1.973,0.38,48.362,,,,,,,,
332.29,192.95,201.88,-48.38,-1.974,0.42,48.417,,,,,,,,
332.29,212.95,201.88,-48.33,-1.968,0.45,48.398,,,,,,,,
312.29,212.95,201.88,-48.25,-1.965,0.47,48.29,,,,,,,,
292.29,212.95,201.88,-48.06,-1.962,0.49,48.101,,,,,,,,
272.29,212.95,201.88,-47.8,-1.965,0.52,47.936,,,,,,,,
252.29,212.95,201.88,-47.63,-1.964,0.51,47.674,,,,,,,,
232.29,212.95,201.88,-47.59,-1.953,0.51,47.522,,,,,,,,
212.29,212.95,201.88,-47.82,-1.946,0.5,47.86,,,,,,,,
192.29,212.95,201.88,-48.05,-1.953,0.48,48.02,,,,,,,,
172.29,212.95,201.88,-48.16,-1.957,0.46,48.205,,,,,,,,
152.29,212.95,201.88,-48.25,-1.965,0.44,48.287,,,,,,,,
132.29,212.95,201.88,-48.27,-1.97,0.41,48.312,,,,,,,,
112.29,232.95,201.88,-48.23,-1.973,0.38,48.296,,,,,,,,
132.29,232.95,201.88,-48.14,-1.981,0.33,48.185,,,,,,,,
152.29,232.95,201.88,-47.87,-1.996,0.27,47.909,,,,,,,,
172.29,232.95,201.88,-47.51,-2.019,0.22,47.673,,,,,,,,
192.29,232.95,201.88,-47.19,-2.04,0.22,47.236,,,,,,,,
212.29,232.95,201.88,-47.11,-2.072,0.24,46.961,,,,,,,,
232.29,232.95,201.88,-47.47,-2.065,0.27,47.518,,,,,,,,
252.29,232.95,201.88,-47.81,-2.036,0.28,47.768,,,,,,,,
272.29,232.95,201.88,-47.98,-2.004,0.32,48.021,,,,,,,,
292.29,232.95,201.88,-48.11,-2.001,0.35,48.148,,,,,,,,
312.29,232.95,201.88,-48.19,-1.99,0.4,48.234,,,,,,,,
332.29,232.95,201.88,-48.2,-1.983,0.42,48.237,,,,,,,,
352.29,232.95,201.88,-48.14,-1.971,0.45,48.209,,,,,,,,
332.29,252.95,201.88,-48.04,-1.966,0.47,48.078,,,,,,,,
312.29,252.95,201.88,-47.83,-1.951,0.49,47.875,,,,,,,,
292.29,252.95,201.88,-47.41,-1.927,0.5,47.45,,,,,,,,
272.29,252.95,201.88,-46.91,-1.924,0.47,47.107,,,,,,,,
252.29,252.95,201.88,-47.13,-1.909,0.47,47.166,,,,,,,,
232.29,252.95,201.88,-47.34,-1.894,0.49,47.378,,,,,,,,
212.29,252.95,201.88,-47.68,-1.895,0.5,47.496,,,,,,,,
192.29,252.95,201.88,-47.87,-1.917,0.49,47.907,,,,,,,,
172.29,252.95,201.88,-48.04,-1.95,0.47,48.041,,,,,,,,
152.29,252.95,201.88,-48.11,-1.96,0.44,48.156,,,,,,,,
132.29,252.95,201.88,-48.15,-1.979,0.41,48.194,,,,,,,,
132.29,272.95,201.88,-48.12,-1.987,0.38,48.161,,,,,,,,
152.29,272.95,201.88,-47.99,-1.998,0.34,48.083,,,,,,,,
172.29,272.95,201.88,-47.77,-2.003,0.32,47.889,,,,,,,,
192.29,272.95,201.88,-47.55,-2.005,0.29,47.596,,,,,,,,
212.29,272.95,201.88,-47.36,-2.024,0.29,47.405,,,,,,,,
232.29,272.95,201.88,-47.45,-2.031,0.28,47.494,,,,,,,,
252.29,272.95,201.88,-47.76,-2.027,0.3,47.726,,,,,,,,
272.29,272.95,201.88,-47.92,-2.019,0.34,47.962,,,,,,,,
292.29,272.95,201.88,-48.06,-2.015,0.36,48.08,,,,,,,,
312.29,272.95,201.88,-48.11,-2.004,0.39,48.153,,,,,,,,
332.29,272.95,201.88,-48.12,-1.993,0.41,48.171,,,,,,,,
332.29,292.95,201.88,-48.07,-1.984,0.44,48.111,,,,,,,,
312.29,292.95,201.88,-47.92,-1.963,0.47,48.031,,,,,,,,
292.29,292.95,201.88,-47.77,-1.95,0.49,47.813,,,,,,,,
272.29,292.95,201.88,-47.47,-1.907,0.51,47.506,,,,,,,,
252.29,292.95,201.88,-47.3,-1.867,0.53,47.328,,,,,,,,
232.29,292.95,201.88,-47.43,-1.837,0.55,47.467,,,,,,,,
212.29,292.95,201.88,-47.65,-1.871,0.52,47.692,,,,,,,,
192.29,292.95,201.88,-47.9,-1.934,0.48,47.938,,,,,,,,
172.29,292.95,201.88,-48.02,-1.951,0.46,48.061,,,,,,,,
152.29,292.95,201.88,-48.12,-1.976,0.42,48.136,,,,,,,,
132.29,292.95,201.88,-48.15,-1.984,0.4,48.189,,,,,,,,
152.29,312.95,201.88,-48.11,-2,0.37,48.164,,,,,,,,
172.29,312.95,201.88,-48.03,-2.007,0.35,48.069,,,,,,,,
192.29,312.95,201.88,-47.77,-2.029,0.32,47.809,,,,,,,,
212.29,312.95,201.88,-47.48,-2.042,0.28,47.637,,,,,,,,
232.29,312.95,201.88,-47.61,-2.048,0.28,47.654,,,,,,,,
252.29,312.95,201.88,-47.82,-2.053,0.32,47.807,,,,,,,,
272.29,312.95,201.88,-47.97,-2.046,0.34,48.018,,,,,,,,
292.29,312.95,201.88,-48.12,-2.027,0.37,48.122,,,,,,,,
312.29,312.95,201.88,-48.16,-2.018,0.39,48.201,,,,,,,,
292.29,332.95,201.88,-48.17,-2.002,0.41,48.216,,,,,,,,
272.29,332.95,201.88,-48.12,-1.996,0.43,48.167,,,,,,,,
252.29,332.95,201.88,-47.93,-1.974,0.48,47.976,,,,,,,,
232.29,332.95,201.88,-47.7,-1.958,0.52,47.819,,,,,,,,
212.29,332.95,201.88,-47.81,-1.956,0.51,47.855,,,,,,,,
192.29,332.95,201.88,-48.05,-1.984,0.47,48.021,,,,,,,,
172.29,332.95,201.88,-48.13,-1.991,0.47,48.173,,,,,,,,
232.29,352.95,201.88,-48.19,-1.995,0.43,48.219,,,,,,,,
172.29,332.95,221.88,-48.2,-2.002,0.41,48.241,,,,,,,,
192.29,332.95,221.88,-48.1,-2.038,0.38,48.144,,,,,,,,
212.29,332.95,221.88,-48.21,-2.002,0.41,48.23,,,,,,,,
232.29,332.95,221.88,-48.22,-2.008,0.4,48.265,,,,,,,,
252.29,332.95,221.88,-48.14,-2.075,0.46,48.226,,,,,,,,
272.29,332.95,221.88,-48.07,-2.133,0.47,48.123,,,,,,,,
292.29,332.95,221.88,-48.21,-2.122,0.45,48.23,,,,,,,,
312.29,312.95,221.88,-48.25,-2.067,0.43,48.295,,,,,,,,
292.29,312.95,221.88,-48.24,-2.001,0.46,48.29,,,,,,,,
272.29,312.95,221.88,-48.17,-1.928,0.51,48.221,,,,,,,,
252.29,312.95,221.88,-48.06,-1.884,0.6,48.101,,,,,,,,
232.29,312.95,221.88,-47.85,-1.773,0.57,47.951,,,,,,,,
212.29,312.95,221.88,-47.79,-1.747,0.57,47.824,,,,,,,,
192.29,312.95,221.88,-48.01,-1.782,0.55,47.979,,,,,,,,
172.29,312.95,221.88,-48.11,-1.828,0.51,48.144,,,,,,,,
152.29,312.95,221.88,-48.19,-1.918,0.47,48.204,,,,,,,,
132.29,292.95,221.88,-48.21,-1.957,0.45,48.251,,,,,,,,
152.29,292.95,221.88,-48.16,-1.998,0.43,48.218,,,,,,,,
172.29,292.95,221.88,-48.03,-2.126,0.41,48.077,,,,,,,,
192.29,292.95,221.88,-47.83,-2.198,0.36,47.883,,,,,,,,
212.29,292.95,221.88,-47.61,-2.262,0.38,47.747,,,,,,,,
232.29,292.95,221.88,-47.54,-2.284,0.37,47.595,,,,,,,,
252.29,292.95,221.88,-47.81,-2.277,0.36,47.802,,,,,,,,
272.29,292.95,221.88,-47.96,-2.216,0.38,48.014,,,,,,,,
292.29,292.95,221.88,-48.08,-2.174,0.39,48.128,,,,,,,,
312.29,292.95,221.88,-48.16,-2.076,0.42,48.203,,,,,,,,
332.29,292.95,221.88,-48.16,-2.026,0.43,48.208,,,,,,,,
332.29,272.95,221.88,-48.12,-1.926,0.46,48.195,,,,,,,,
312.29,272.95,221.88,-48.02,-1.88,0.49,48.06,,,,,,,,
292.29,272.95,221.88,-47.85,-1.789,0.53,47.881,,,,,,,,
272.29,272.95,221.88,-47.58,-1.66,0.61,47.616,,,,,,,,
252.29,272.95,221.88,-47.44,-1.565,0.61,47.467,,,,,,,,
232.29,272.95,221.88,-47.48,-1.475,0.53,47.443,,,,,,,,
212.29,272.95,221.88,-47.7,-1.539,0.52,47.727,,,,,,,,
192.29,272.95,221.88,-47.94,-1.717,0.49,47.899,,,,,,,,
172.29,272.95,221.88,-48.06,-1.782,0.46,48.091,,,,,,,,
152.29,272.95,221.88,-48.14,-1.888,0.43,48.162,,,,,,,,
132.29,272.95,221.88,-48.17,-1.937,0.4,48.212,,,,,,,,
132.29,252.95,221.88,-48.11,-2.035,0.39,48.172,,,,,,,,
152.29,252.95,221.88,-48.02,-2.085,0.36,48.063,,,,,,,,
172.29,252.95,221.88,-47.81,-2.181,0.33,47.86,,,,,,,,
192.29,252.95,221.88,-47.53,-2.263,0.33,47.666,,,,,,,,
212.29,252.95,221.88,-47.41,-2.304,0.33,47.471,,,,,,,,
232.29,252.95,221.88,-47.5,-2.343,0.31,47.447,,,,,,,,
252.29,252.95,221.88,-47.71,-2.314,0.28,47.77,,,,,,,,
272.29,252.95,221.88,-47.98,-2.253,0.31,47.957,,,,,,,,
292.29,252.95,221.88,-48.08,-2.148,0.34,48.13,,,,,,,,
312.29,252.95,221.88,-48.18,-2.102,0.36,48.203,,,,,,,,
332.29,252.95,221.88,-48.19,-2.003,0.39,48.229,,,,,,,,
332.29,232.95,221.88,-48.15,-1.95,0.41,48.189,,,,,,,,
312.29,232.95,221.88,-48.02,-1.854,0.45,48.054,,,,,,,,
292.29,232.95,221.88,-47.8,-1.747,0.46,47.835,,,,,,,,
272.29,232.95,221.88,-47.5,-1.684,0.46,47.629,,,,,,,,
252.29,232.95,221.88,-47.41,-1.566,0.45,47.442,,,,,,,,
232.29,232.95,221.88,-47.58,-1.567,0.39,47.493,,,,,,,,
212.29,232.95,221.88,-47.79,-1.621,0.4,47.819,,,,,,,,
192.29,232.95,221.88,-47.97,-1.689,0.41,48.006,,,,,,,,
172.29,232.95,221.88,-48.14,-1.803,0.39,48.172,,,,,,,,
152.29,232.95,221.88,-48.22,-1.878,0.38,48.203,,,,,,,,
132.29,232.95,221.88,-48.24,-1.925,0.35,48.262,,,,,,,,
132.29,212.95,221.88,-48.19,-1.986,0.32,48.227,,,,,,,,
152.29,212.95,221.88,-48.06,-2.091,0.27,48.15,,,,,,,,
172.29,212.95,221.88,-47.83,-2.187,0.25,47.961,,,,,,,,
192.29,212.95,221.88,-47.61,-2.248,0.19,47.66,,,,,,,,
212.29,212.95,221.88,-47.47,-2.359,0.14,47.567,,,,,,,,
232.29,212.95,221.88,-47.61,-2.371,0.09,47.667,,,,,,,,
252.29,212.95,221.88,-47.92,-2.272,0.16,47.971,,,,,,,,
272.29,212.95,221.88,-48.07,-2.205,0.21,48.125,,,,,,,,
292.29,212.95,221.88,-48.24,-2.154,0.25,48.25,,,,,,,,
312.29,212.95,221.88,-48.29,-2.052,0.3,48.332,,,,,,,,
332.29,212.95,221.88,-48.3,-2.006,0.32,48.348,,,,,,,,
332.29,192.95,221.88,-48.22,-1.894,0.36,48.294,,,,,,,,
312.29,192.95,221.88,-48.12,-1.85,0.38,48.262,,,,,,,,
292.29,192.95,221.88,-47.9,-1.764,0.36,48.012,,,,,,,,
272.29,192.95,221.88,-47.7,-1.719,0.35,47.733,,,,,,,,
252.29,192.95,221.88,-47.64,-1.671,0.33,47.618,,,,,,,,
232.29,192.95,221.88,-47.81,-1.653,0.3,47.834,,,,,,,,
212.29,192.95,221.88,-47.99,-1.698,0.34,48.025,,,,,,,,
192.29,192.95,221.88,-48.2,-1.78,0.33,48.09,,,,,,,,
172.29,192.95,221.88,-48.31,-1.814,0.34,48.344,,,,,,,,
152.29,192.95,221.88,-48.39,-1.895,0.33,48.402,,,,,,,,
132.29,192.95,221.88,-48.41,-1.933,0.29,48.451,,,,,,,,
132.29,172.95,221.88,-48.36,-2.01,0.26,48.425,,,,,,,,
152.29,172.95,221.88,-48.28,-2.05,0.21,48.319,,,,,,,,
172.29,172.95,221.88,-48.1,-2.125,0.14,48.151,,,,,,,,
192.29,172.95,221.88,-47.85,-2.224,0.04,47.997,,,,,,,,
212.29,172.95,221.88,-47.79,-2.279,0,47.846,,,,,,,,
232.29,172.95,221.88,-48.04,-2.273,-0.01,48.089,,,,,,,,
252.29,172.95,221.88,-48.27,-2.175,0.12,48.241,,,,,,,,
272.29,172.95,221.88,-48.37,-2.13,0.12,48.316,,,,,,,,
292.29,172.95,221.88,-48.46,-2.093,0.21,48.502,,,,,,,,
312.29,172.95,221.88,-48.51,-2.047,0.26,48.557,,,,,,,,
332.29,172.95,221.88,-48.51,-1.982,0.31,48.555,,,,,,,,
312.29,152.95,221.88,-48.5,-1.952,0.32,48.535,,,,,,,,
292.29,152.95,221.88,-48.41,-1.895,0.35,48.447,,,,,,,,
272.29,152.95,221.88,-48.19,-1.825,0.31,48.229,,,,,,,,
252.29,152.95,221.88,-47.96,-1.806,0.27,48.068,,,,,,,,
232.29,152.95,221.88,-48.19,-1.787,0.28,48.225,,,,,,,,
212.29,152.95,221.88,-48.4,-1.867,0.35,48.438,,,,,,,,
192.29,152.95,221.88,-48.48,-1.875,0.34,48.52,,,,,,,,
172.29,152.95,221.88,-48.57,-1.879,0.34,48.603,,,,,,,,
152.29,152.95,221.88,-48.62,-1.919,0.33,48.621,,,,,,,,
172.29,132.95,221.88,-48.64,-1.938,0.31,48.678,,,,,,,,
192.29,132.95,221.88,-48.6,-1.981,0.26,48.643,,,,,,,,
212.29,132.95,221.88,-48.48,-2.057,0.17,48.526,,,,,,,,
232.29,132.95,221.88,-48.34,-2.085,0.15,48.425,,,,,,,,
252.29,132.95,221.88,-48.48,-2.117,0.18,48.521,,,,,,,,
272.29,132.95,221.88,-48.65,-2.1,0.19,48.647,,,,,,,,
292.29,132.95,221.88,-48.7,-2.025,0.27,48.742,,,,,,,,
272.29,132.95,241.88,-48.72,-1.992,0.33,48.766,,,,,,,,
252.29,132.95,241.88,-48.72,-1.957,0.38,48.765,,,,,,,,
232.29,132.95,241.88,-48.69,-1.944,0.37,48.734,,,,,,,,
212.29,132.95,241.88,-48.6,-1.924,0.35,48.673,,,,,,,,
192.29,132.95,241.88,-48.69,-1.872,0.29,48.725,,,,,,,,
152.29,152.95,241.88,-48.8,-1.879,0.27,48.838,,,,,,,,
172.29,152.95,241.88,-48.84,-1.909,0.3,48.875,,,,,,,,
192.29,152.95,241.88,-48.82,-1.994,0.17,48.856,,,,,,,,
212.29,152.95,241.88,-48.67,-2.092,0.08,48.718,,,,,,,,
232.29,152.95,241.88,-48.56,-2.16,0.08,48.611,,,,,,,,
252.29,152.95,241.88,-48.51,-2.222,0.03,48.541,,,,,,,,
272.29,152.95,241.88,-48.59,-2.207,0.06,48.636,,,,,,,,
292.29,152.95,241.88,-48.68,-2.162,0.11,48.709,,,,,,,,
312.29,152.95,241.88,-48.71,-2.053,0.19,48.756,,,,,,,,
312.29,172.95,241.88,-48.74,-2.006,0.22,48.778,,,,,,,,
292.29,172.95,241.88,-48.69,-1.915,0.22,48.724,,,,,,,,
272.29,172.95,241.88,-48.61,-1.817,0.22,48.658,,,,,,,,
252.29,172.95,241.88,-48.46,-1.775,0.21,48.549,,,,,,,,
232.29,172.95,241.88,-48.36,-1.744,0.13,48.389,,,,,,,,
212.29,172.95,241.88,-48.24,-1.709,0.13,48.272,,,,,,,,
192.29,172.95,241.88,-48.43,-1.676,0.19,48.324,,,,,,,,
172.29,172.95,241.88,-48.51,-1.724,0.21,48.539,,,,,,,,
152.29,172.95,241.88,-48.6,-1.844,0.2,48.607,,,,,,,,
132.29,192.95,241.88,-48.62,-1.901,0.19,48.653,,,,,,,,
152.29,192.95,241.88,-48.56,-2.019,0.12,48.619,,,,,,,,
172.29,192.95,241.88,-48.42,-2.183,0.01,48.503,,,,,,,,
192.29,192.95,241.88,-48.31,-2.229,-0.07,48.361,,,,,,,,
212.29,192.95,241.88,-48.02,-2.37,-0.15,48.306,,,,,,,,
232.29,192.95,241.88,-47.89,-2.458,-0.13,47.949,,,,,,,,
252.29,192.95,241.88,-48.11,-2.468,-0.04,48.177,,,,,,,,
272.29,192.95,241.88,-48.26,-2.371,0.05,48.323,,,,,,,,
292.29,192.95,241.88,-48.41,-2.189,0.12,48.411,,,,,,,,
312.29,192.95,241.88,-48.47,-2.118,0.17,48.514,,,,,,,,
332.29,192.95,241.88,-48.48,-1.966,0.22,48.518,,,,,,,,
332.29,212.95,241.88,-48.41,-1.83,0.23,48.479,,,,,,,,
312.29,212.95,241.88,-48.3,-1.759,0.23,48.336,,,,,,,,
292.29,212.95,241.88,-48.12,-1.687,0.2,48.206,,,,,,,,
272.29,212.95,241.88,-47.92,-1.55,0.15,47.946,,,,,,,,
252.29,212.95,241.88,-47.69,-1.419,0.15,47.787,,,,,,,,
232.29,212.95,241.88,-47.68,-1.377,0.23,47.705,,,,,,,,
212.29,212.95,241.88,-47.98,-1.449,0.26,47.999,,,,,,,,
192.29,212.95,241.88,-48.2,-1.537,0.28,48.16,,,,,,,,
172.29,212.95,241.88,-48.31,-1.674,0.28,48.335,,,,,,,,
152.29,212.95,241.88,-48.36,-1.756,0.26,48.389,,,,,,,,
132.29,212.95,241.88,-48.38,-1.858,0.24,48.416,,,,,,,,
132.29,232.95,241.88,-48.32,-2.027,0.21,48.359,,,,,,,,
152.29,232.95,241.88,-48.22,-2.114,0.15,48.268,,,,,,,,
172.29,232.95,241.88,-48.04,-2.291,0.09,48.091,,,,,,,,
192.29,232.95,241.88,-47.76,-2.483,-0.02,47.82,,,,,,,,
212.29,232.95,241.88,-47.59,-2.586,-0.02,47.664,,,,,,,,
232.29,232.95,241.88,-47.57,-2.669,0.12,47.57,,,,,,,,
252.29,232.95,241.88,-47.78,-2.601,0.16,47.849,,,,,,,,
272.29,232.95,241.88,-48.05,-2.397,0.2,48.017,,,,,,,,
292.29,232.95,241.88,-48.21,-2.305,0.25,48.233,,,,,,,,
312.29,232.95,241.88,-48.29,-2.139,0.28,48.266,,,,,,,,
332.29,232.95,241.88,-48.29,-1.954,0.33,48.335,,,,,,,,
332.29,252.95,241.88,-48.24,-1.861,0.33,48.335,,,,,,,,
312.29,252.95,241.88,-48.13,-1.769,0.34,48.164,,,,,,,,
292.29,252.95,241.88,-47.93,-1.578,0.35,47.956,,,,,,,,
272.29,252.95,241.88,-47.64,-1.432,0.34,47.881,,,,,,,,
252.29,252.95,241.88,-47.52,-1.347,0.36,47.537,,,,,,,,
232.29,252.95,241.88,-47.6,-1.259,0.44,47.53,,,,,,,,
212.29,252.95,241.88,-47.81,-1.322,0.45,47.827,,,,,,,,
192.29,252.95,241.88,-48.04,-1.432,0.43,47.996,,,,,,,,
172.29,252.95,241.88,-48.16,-1.634,0.41,48.185,,,,,,,,
152.29,252.95,241.88,-48.23,-1.726,0.39,48.26,,,,,,,,
132.29,252.95,241.88,-48.25,-1.905,0.36,48.291,,,,,,,,
132.29,272.95,241.88,-48.2,-2,0.34,48.246,,,,,,,,
152.29,272.95,241.88,-48.06,-2.209,0.31,48.109,,,,,,,,
172.29,272.95,241.88,-47.81,-2.381,0.28,47.941,,,,,,,,
192.29,272.95,241.88,-47.59,-2.472,0.28,47.653,,,,,,,,
212.29,272.95,241.88,-47.42,-2.602,0.38,47.491,,,,,,,,
232.29,272.95,241.88,-47.48,-2.607,0.38,47.548,,,,,,,,
252.29,272.95,241.88,-47.76,-2.513,0.37,47.744,,,,,,,,
272.29,272.95,241.88,-47.93,-2.44,0.37,47.996,,,,,,,,
292.29,272.95,241.88,-48.14,-2.272,0.38,48.131,,,,,,,,
312.29,272.95,241.88,-48.2,-2.181,0.41,48.249,,,,,,,,
332.29,272.95,241.88,-48.24,-1.992,0.41,48.288,,,,,,,,
312.29,292.95,241.88,-48.19,-1.904,0.44,48.226,,,,,,,,
292.29,292.95,241.88,-48.05,-1.718,0.48,48.134,,,,,,,,
272.29,292.95,241.88,-47.77,-1.475,0.54,47.875,,,,,,,,
252.29,292.95,241.88,-47.58,-1.386,0.56,47.606,,,,,,,,
232.29,292.95,241.88,-47.68,-1.291,0.62,47.635,,,,,,,,
212.29,292.95,241.88,-47.84,-1.369,0.63,47.858,,,,,,,,
192.29,292.95,241.88,-48.04,-1.572,0.56,48.004,,,,,,,,
172.29,292.95,241.88,-48.14,-1.654,0.53,48.173,,,,,,,,
152.29,292.95,241.88,-48.23,-1.74,0.5,48.252,,,,,,,,
152.29,312.95,241.88,-48.24,-1.907,0.45,48.28,,,,,,,,
172.29,312.95,241.88,-48.18,-2.08,0.46,48.254,,,,,,,,
192.29,312.95,241.88,-48.02,-2.167,0.43,48.123,,,,,,,,
212.29,312.95,241.88,-47.86,-2.314,0.45,47.917,,,,,,,,
232.29,312.95,241.88,-47.81,-2.373,0.47,47.837,,,,,,,,
252.29,312.95,241.88,-47.9,-2.419,0.45,47.962,,,,,,,,
272.29,312.95,241.88,-48.08,-2.387,0.49,48.092,,,,,,,,
292.29,312.95,241.88,-48.18,-2.265,0.5,48.24,,,,,,,,
312.29,312.95,241.88,-48.25,-2.175,0.49,48.306,,,,,,,,
272.29,332.95,241.88,-48.27,-2.013,0.52,48.319,,,,,,,,
252.29,332.95,241.88,-48.2,-1.936,0.54,48.271,,,,,,,,
232.29,332.95,241.88,-47.9,-1.587,0.62,47.983,,,,,,,,
212.29,332.95,241.88,-47.92,-1.572,0.62,47.953,,,,,,,,
192.29,332.95,241.88,-48.12,-1.619,0.64,48.084,,,,,,,,
212.29,332.95,261.88,-48.23,-1.695,0.64,48.259,,,,,,,,
232.29,332.95,261.88,-48.31,-1.873,0.56,48.329,,,,,,,,
252.29,332.95,261.88,-48.32,-2.017,0.52,48.369,,,,,,,,
292.29,312.95,261.88,-48.25,-2.068,0.58,48.297,,,,,,,,
272.29,312.95,261.88,-48.31,-2.145,0.61,48.344,,,,,,,,
252.29,312.95,261.88,-48.38,-1.915,0.64,48.436,,,,,,,,
232.29,312.95,261.88,-48.27,-1.832,0.66,48.345,,,,,,,,
212.29,312.95,261.88,-48.18,-1.637,0.64,48.212,,,,,,,,
192.29,312.95,261.88,-48.13,-1.558,0.63,48.159,,,,,,,,
172.29,312.95,261.88,-48.27,-1.555,0.6,48.2,,,,,,,,
152.29,292.95,261.88,-48.35,-1.66,0.57,48.378,,,,,,,,
172.29,292.95,261.88,-48.38,-1.913,0.55,48.409,,,,,,,,
192.29,292.95,261.88,-48.27,-2.231,0.55,48.354,,,,,,,,
212.29,292.95,261.88,-48.16,-2.326,0.55,48.22,,,,,,,,
232.29,292.95,261.88,-47.92,-2.513,0.6,47.991,,,,,,,,
252.29,292.95,261.88,-47.77,-2.59,0.59,47.841,,,,,,,,
272.29,292.95,261.88,-48.08,-2.566,0.51,48.052,,,,,,,,
292.29,292.95,261.88,-48.23,-2.452,0.49,48.29,,,,,,,,
312.29,292.95,261.88,-48.34,-2.203,0.48,48.373,,,,,,,,
312.29,272.95,261.88,-48.37,-2.07,0.5,48.412,,,,,,,,
292.29,272.95,261.88,-48.3,-1.806,0.51,48.367,,,,,,,,
272.29,272.95,261.88,-48.15,-1.586,0.56,48.22,,,,,,,,
252.29,272.95,261.88,-48,-1.47,0.64,48.023,,,,,,,,
232.29,272.95,261.88,-47.85,-1.258,0.63,47.874,,,,,,,,
212.29,272.95,261.88,-47.87,-1.216,0.56,47.886,,,,,,,,
192.29,272.95,261.88,-48.12,-1.342,0.52,48.049,,,,,,,,
172.29,272.95,261.88,-48.24,-1.464,0.47,48.266,,,,,,,,
152.29,272.95,261.88,-48.36,-1.733,0.45,48.364,,,,,,,,
132.29,252.95,261.88,-48.36,-1.873,0.42,48.394,,,,,,,,
152.29,252.95,261.88,-48.25,-2.158,0.41,48.346,,,,,,,,
172.29,252.95,261.88,-47.95,-2.408,0.41,48.106,,,,,,,,
192.29,252.95,261.88,-47.73,-2.6,0.4,47.802,,,,,,,,
212.29,252.95,261.88,-47.45,-2.795,0.38,47.619,,,,,,,,
232.29,252.95,261.88,-47.39,-2.861,0.27,47.475,,,,,,,,
252.29,252.95,261.88,-47.78,-2.796,0.26,47.755,,,,,,,,
272.29,252.95,261.88,-48.16,-2.47,0.29,48.16,,,,,,,,
292.29,252.95,261.88,0,0,0,0,,,,,,,,
312.29,252.95,261.88,-48.34,-2.333,0.33,48.396,,,,,,,,
332.29,252.95,261.88,-48.38,-2.164,0.36,48.428,,,,,,,,
332.29,232.95,261.88,-48.28,-1.732,0.37,48.357,,,,,,,,
312.29,232.95,261.88,-48.16,-1.591,0.38,48.311,,,,,,,,
292.29,232.95,261.88,-47.91,-1.461,0.42,48.015,,,,,,,,
272.29,232.95,261.88,-47.6,-1.09,0.45,47.73,,,,,,,,
252.29,232.95,261.88,-47.57,-1.002,0.33,47.586,,,,,,,,
232.29,232.95,261.88,-47.65,-0.998,0.28,47.664,,,,,,,,
212.29,232.95,261.88,-47.96,-1.065,0.3,47.882,,,,,,,,
192.29,232.95,261.88,-48.14,-1.279,0.29,48.162,,,,,,,,
172.29,232.95,261.88,-48.28,-1.408,0.29,48.302,,,,,,,,
152.29,232.95,261.88,-48.4,-1.697,0.27,48.401,,,,,,,,
132.29,232.95,261.88,-48.41,-1.836,0.25,48.444,,,,,,,,
132.29,212.95,261.88,-48.32,-2.119,0.21,48.363,,,,,,,,
152.29,212.95,261.88,-48.11,-2.37,0.15,48.172,,,,,,,,
172.29,212.95,261.88,-47.82,-2.507,0.09,47.973,,,,,,,,
192.29,212.95,261.88,-47.5,-2.818,0,47.66,,,,,,,,
212.29,212.95,261.88,-47.5,-2.818,0,47.584,,,,,,,,
232.29,212.95,261.88,-47.71,-2.873,-0.23,47.709,,,,,,,,
252.29,212.95,261.88,-47.93,-2.797,-0.11,48.016,,,,,,,,
272.29,212.95,261.88,-48.21,-2.552,-0.01,48.193,,,,,,,,
292.29,212.95,261.88,-48.34,-2.427,0.07,48.402,,,,,,,,
312.29,212.95,261.88,-48.46,-2.171,0.12,48.49,,,,,,,,
332.29,212.95,261.88,-48.49,-2.042,0.16,48.532,,,,,,,,
312.29,192.95,261.88,-48.42,-1.911,0.18,48.48,,,,,,,,
292.29,192.95,261.88,-48.32,-1.648,0.2,48.344,,,,,,,,
272.29,192.95,261.88,-47.98,-1.303,0.15,47.996,,,,,,,,
252.29,192.95,261.88,-47.62,-1.099,0.11,47.754,,,,,,,,
232.29,192.95,261.88,-47.86,-1.078,0.02,47.871,,,,,,,,
212.29,192.95,261.88,-48.17,-1.273,0,48.109,,,,,,,,
192.29,192.95,261.88,-48.34,-1.376,0.07,48.361,,,,,,,,
172.29,192.95,261.88,-48.5,-1.478,0.1,48.487,,,,,,,,
152.29,192.95,261.88,-48.58,-1.703,0.12,48.612,,,,,,,,
152.29,172.95,261.88,-48.59,-1.817,0.09,48.622,,,,,,,,
172.29,172.95,261.88,-48.53,-2.046,0.02,48.577,,,,,,,,
192.29,172.95,261.88,-48.38,-2.269,-0.07,48.485,,,,,,,,
212.29,172.95,261.88,-48.2,-2.38,-0.16,48.318,,,,,,,,
232.29,172.95,261.88,-48.21,-2.526,-0.28,48.281,,,,,,,,
252.29,172.95,261.88,-48.39,-2.52,-0.35,48.455,,,,,,,,
272.29,172.95,261.88,-48.57,-2.397,-0.12,48.506,,,,,,,,
292.29,172.95,261.88,-48.65,-2.307,-0.05,48.706,,,,,,,,
312.29,172.95,261.88,-48.71,-2.112,0.03,48.75,,,,,,,,
292.29,152.95,261.88,-48.72,-2.016,0.07,48.766,,,,,,,,
272.29,152.95,261.88,-48.68,-1.827,0.07,48.714,,,,,,,,
252.29,152.95,261.88,-48.49,-1.6,0.01,48.583,,,,,,,,
232.29,152.95,261.88,-48.35,-1.535,-0.11,48.374,,,,,,,,
212.29,152.95,261.88,-48.55,-1.485,-0.03,48.3,,,,,,,,
192.29,152.95,261.88,-48.71,-1.559,0.05,48.734,,,,,,,,
172.29,152.95,261.88,-48.79,-1.721,0.1,48.802,,,,,,,,
212.29,132.95,261.88,-48.84,-1.782,0.1,48.875,,,,,,,,
232.29,132.95,261.88,-48.86,-1.927,0.09,48.899,,,,,,,,
252.29,132.95,261.88,-48.78,-2.199,-0.05,48.825,,,,,,,,
212.29,152.95,281.88,-48.81,-2.231,-0.04,48.837,,,,,,,,
232.29,152.95,281.88,-48.89,-2.188,0.02,48.941,,,,,,,,
252.29,152.95,281.88,-48.95,-1.925,0.15,48.992,,,,,,,,
272.29,152.95,281.88,-48.99,-1.913,0.1,49.029,,,,,,,,
292.29,172.95,281.88,-49.04,-1.941,0.02,49.077,,,,,,,,
272.29,172.95,281.88,-49.09,-2.034,-0.07,49.13,,,,,,,,
252.29,172.95,281.88,-49.06,-1.872,-0.02,49.118,,,,,,,,
232.29,172.95,281.88,-49.03,-1.804,-0.05,49.058,,,,,,,,
212.29,172.95,281.88,-48.79,-1.641,-0.22,48.82,,,,,,,,
192.29,172.95,281.88,-48.6,-1.529,-0.24,48.622,,,,,,,,
172.29,172.95,281.88,-48.79,-1.475,-0.11,48.808,,,,,,,,
152.29,192.95,281.88,-48.86,-1.6,-0.07,48.888,,,,,,,,
172.29,192.95,281.88,-48.89,-1.886,-0.09,48.924,,,,,,,,
192.29,192.95,281.88,-48.79,-2.22,-0.25,48.875,,,,,,,,
212.29,192.95,281.88,-48.61,-2.313,-0.38,48.724,,,,,,,,
232.29,192.95,281.88,-48.38,-2.529,-0.42,48.446,,,,,,,,
252.29,192.95,281.88,-48.27,-2.636,-0.48,48.344,,,,,,,,
272.29,192.95,281.88,-48.46,-2.667,-0.28,48.398,,,,,,,,
292.29,192.95,281.88,-48.59,-2.539,-0.16,48.655,,,,,,,,
312.29,192.95,281.88,-48.72,-2.226,-0.06,48.742,,,,,,,,
312.29,212.95,281.88,-48.74,-2.071,-0.02,48.781,,,,,,,,
292.29,212.95,281.88,-48.68,-1.737,-0.01,48.707,,,,,,,,
272.29,212.95,281.88,-48.49,-1.486,-0.07,48.656,,,,,,,,
252.29,212.95,281.88,-48.31,-1.331,-0.14,48.327,,,,,,,,
232.29,212.95,281.88,-48.04,-1.051,-0.16,48.056,,,,,,,,
212.29,212.95,281.88,-47.96,-0.979,0.01,47.973,,,,,,,,
192.29,212.95,281.88,-48.33,-1.089,0.09,48.241,,,,,,,,
172.29,212.95,281.88,-48.49,-1.262,0.1,48.509,,,,,,,,
152.29,212.95,281.88,-48.63,-1.633,0.1,48.617,,,,,,,,
152.29,232.95,281.88,-48.62,-1.822,0.09,48.658,,,,,,,,
172.29,232.95,281.88,-48.52,-2.196,0,48.609,,,,,,,,
192.29,232.95,281.88,-48.27,-2.376,-0.09,48.411,,,,,,,,
212.29,232.95,281.88,-47.9,-2.802,-0.32,48.103,,,,,,,,
232.29,232.95,281.88,-47.75,-2.927,-0.32,47.984,,,,,,,,
252.29,232.95,281.88,-47.78,-2.979,-0.04,47.874,,,,,,,,
272.29,232.95,281.88,-48.16,-2.942,0.04,48.136,,,,,,,,
292.29,232.95,281.88,-48.35,-2.674,0.12,48.428,,,,,,,,
312.29,232.95,281.88,-48.56,-2.484,0.18,48.581,,,,,,,,
312.29,252.95,281.88,-48.58,-2.087,0.22,48.623,,,,,,,,
292.29,252.95,281.88,-48.49,-1.673,0.24,48.523,,,,,,,,
272.29,252.95,281.88,-48.35,-1.475,0.25,48.368,,,,,,,,
252.29,252.95,281.88,-48.04,-1.121,0.24,48.049,,,,,,,,
232.29,252.95,281.88,-47.88,-0.998,0.29,47.897,,,,,,,,
212.29,252.95,281.88,-47.94,-0.93,0.44,47.954,,,,,,,,
192.29,252.95,281.88,-48.27,-1.112,0.39,48.197,,,,,,,,
172.29,252.95,281.88,-48.43,-1.273,0.37,48.282,,,,,,,,
152.29,252.95,281.88,-48.53,-1.455,0.35,48.557,,,,,,,,
152.29,272.95,281.88,-48.54,-1.902,0.32,48.588,,,,,,,,
172.29,272.95,281.88,-48.45,-2.116,0.29,48.494,,,,,,,,
192.29,272.95,281.88,-48.16,-2.495,0.26,48.227,,,,,,,,
212.29,272.95,281.88,-47.75,-2.873,0.25,47.968,,,,,,,,
232.29,272.95,281.88,-47.56,-3.009,0.35,47.652,,,,,,,,
252.29,272.95,281.88,-47.8,-3.051,0.45,47.805,,,,,,,,
272.29,272.95,281.88,-48.04,-2.952,0.44,48.131,,,,,,,,
292.29,272.95,281.88,-48.34,-2.632,0.42,48.341,,,,,,,,
312.29,272.95,281.88,-48.49,-2.439,0.41,48.554,,,,,,,,
292.29,292.95,281.88,-48.54,-2.02,0.41,48.584,,,,,,,,
272.29,292.95,281.88,-48.45,-1.708,0.46,48.48,,,,,,,,
252.29,292.95,281.88,-48.14,-1.216,0.54,48.248,,,,,,,,
232.29,292.95,281.88,-47.97,-1.119,0.56,47.99,,,,,,,,
212.29,292.95,281.88,-47.98,-1.054,0.56,47.99,,,,,,,,
192.29,292.95,281.88,-48.24,-1.143,0.62,48.07,,,,,,,,
172.29,292.95,281.88,-48.4,-1.295,0.56,48.416,,,,,,,,
212.29,312.95,281.88,-48.51,-1.447,0.54,48.473,,,,,,,,
232.29,312.95,281.88,-48.5,-1.99,0.5,48.57,,,,,,,,
252.29,312.95,281.88,-48.18,-2.574,0.6,48.25,,,,,,,,
272.29,312.95,281.88,-48.22,-2.69,0.64,48.135,,,,,,,,
212.29,292.95,301.88,-48.45,-2.604,0.6,48.519,,,,,,,,
232.29,292.95,301.88,-48.56,-2.254,0.55,48.619,,,,,,,,
252.29,292.95,301.88,-48.53,-1.548,0.59,48.56,,,,,,,,
272.29,272.95,301.88,-48.66,-1.714,0.57,48.692,,,,,,,,
252.29,272.95,301.88,-48.65,-1.877,0.57,48.724,,,,,,,,
232.29,272.95,301.88,-48.68,-2.192,0.52,48.728,,,,,,,,
212.29,272.95,301.88,-48.68,-1.91,0.52,48.724,,,,,,,,
192.29,272.95,301.88,-48.68,-1.451,0.44,48.706,,,,,,,,
172.29,252.95,301.88,-48.71,-1.329,0.44,48.725,,,,,,,,
192.29,252.95,301.88,-48.85,-1.537,0.4,48.842,,,,,,,,
212.29,252.95,301.88,-48.75,-2.035,0.38,48.849,,,,,,,,
232.29,252.95,301.88,-48.55,-2.481,0.44,48.613,,,,,,,,
252.29,252.95,301.88,-48.07,-2.97,0.47,48.34,,,,,,,,
272.29,252.95,301.88,-47.95,-3.107,0.26,48.047,,,,,,,,
292.29,252.95,301.88,-48.53,-2.924,0.28,48.47,,,,,,,,
292.29,232.95,301.88,-48.76,-2.644,0.31,48.834,,,,,,,,
272.29,232.95,301.88,-48.86,-2.03,0.32,48.901,,,,,,,,
252.29,232.95,301.88,-48.6,-1.272,0.38,48.712,,,,,,,,
232.29,232.95,301.88,-48.6,-1.272,0.38,48.614,,,,,,,,
212.29,232.95,301.88,-48.24,-0.894,0.27,48.252,,,,,,,,
192.29,232.95,301.88,-48.39,-0.805,0.2,48.4,,,,,,,,
172.29,232.95,301.88,-48.72,-1.095,0.22,48.731,,,,,,,,
172.29,212.95,301.88,-48.84,-1.359,0.21,48.859,,,,,,,,
192.29,212.95,301.88,-48.82,-1.938,0.21,48.871,,,,,,,,
212.29,212.95,301.88,-48.56,-2.461,0.09,48.627,,,,,,,,
232.29,212.95,301.88,-48.13,-2.928,-0.04,48.357,,,,,,,,
252.29,212.95,301.88,-48.06,-3.068,-0.15,48.154,,,,,,,,
272.29,212.95,301.88,-48.18,-3.058,-0.32,48.276,,,,,,,,
292.29,212.95,301.88,-48.5,-2.921,-0.18,48.591,,,,,,,,
272.29,192.95,301.88,-48.78,-2.496,0,48.841,,,,,,,,
252.29,192.95,301.88,-48.82,-1.971,0.05,48.881,,,,,,,,
232.29,192.95,301.88,-48.61,-1.495,0.03,48.722,,,,,,,,
212.29,192.95,301.88,-48.34,-1.085,-0.07,48.356,,,,,,,,
192.29,192.95,301.88,-48.66,-0.979,-0.17,48.516,,,,,,,,
212.29,172.95,301.88,-48.82,-1.159,-0.13,48.834,,,,,,,,
232.29,172.95,301.88,-48.91,-1.594,-0.1,48.915,,,,,,,,
252.29,172.95,301.88,-48.88,-1.97,-0.17,48.939,,,,,,,,
